timestamp,PV_energy_production_kWh,G(i),H_sun,T2m,WS10m,Int
2023-08-01 00:00:00,0.0,0.0,0.0,17.94,1.17,0.0
2023-08-01 01:00:00,0.0,0.0,0.0,17.93,1.17,0.0
2023-08-01 02:00:00,0.0,0.0,0.0,17.99,1.1,0.0
2023-08-01 03:00:00,0.0,0.0,0.0,17.36,1.24,0.0
2023-08-01 04:00:00,0.0,0.0,0.0,17.62,1.24,0.0
2023-08-01 05:00:00,0.00726,11.27,9.47,17.81,1.24,0.0
2023-08-01 06:00:00,0.12417,66.4,19.47,17.97,1.24,0.0
2023-08-01 07:00:00,0.13653,71.93,29.65,18.94,0.9,0.0
2023-08-01 08:00:00,0.19863,97.75,39.65,18.93,1.38,0.0
2023-08-01 09:00:00,0.37739999999999996,170.61,48.88,18.84,1.59,0.0
2023-08-01 10:00:00,0.29375999999999997,136.49,56.39,18.81,1.79,0.0
2023-08-01 11:00:00,0.56523,247.15,60.57,18.64,1.86,0.0
2023-08-01 12:00:00,0.22416,107.9,59.91,18.37,1.86,0.0
2023-08-01 13:00:00,0.2355,112.51,54.69,18.12,1.38,0.0
2023-08-01 14:00:00,0.40581,181.68,46.62,18.5,2.0,0.0
2023-08-01 15:00:00,0.15711000000000003,80.23,37.12,18.4,2.69,0.0
2023-08-01 16:00:00,0.13494,71.01,27.03,18.46,2.34,0.0
2023-08-01 17:00:00,0.05091,34.12,16.86,18.05,1.79,0.0
2023-08-01 18:00:00,0.00035999999999999997,6.07,6.96,17.48,1.59,0.0
2023-08-01 19:00:00,0.0,0.0,0.0,15.8,1.45,0.0
2023-08-01 20:00:00,0.0,0.0,0.0,15.05,1.31,0.0
2023-08-01 21:00:00,0.0,0.0,0.0,14.34,1.24,0.0
2023-08-01 22:00:00,0.0,0.0,0.0,14.1,1.1,0.0
2023-08-01 23:00:00,0.0,0.0,0.0,13.24,1.17,0.0
2023-08-02 00:00:00,0.0,0.0,0.0,13.05,1.1,0.0
2023-08-02 01:00:00,0.0,0.0,0.0,13.05,1.1,0.0
2023-08-02 02:00:00,0.0,0.0,0.0,12.6,1.17,0.0
2023-08-02 03:00:00,0.0,0.0,0.0,12.03,1.31,0.0
2023-08-02 04:00:00,0.0,0.0,0.0,13.56,0.9,0.0
2023-08-02 05:00:00,0.09057,51.13,9.29,13.73,0.97,0.0
2023-08-02 06:00:00,0.06426000000000001,39.66,19.3,13.94,1.38,0.0
2023-08-02 07:00:00,0.14634,74.7,29.49,14.61,1.24,0.0
2023-08-02 08:00:00,1.42476,619.03,39.47,16.44,1.1,0.0
2023-08-02 09:00:00,1.68045,760.21,48.69,19.62,0.97,0.0
2023-08-02 10:00:00,1.96239,932.98,56.16,22.82,1.03,0.0
2023-08-02 11:00:00,2.1034800000000002,1008.79,60.32,24.71,1.86,0.0
2023-08-02 12:00:00,2.1066599999999998,1006.73,59.66,26.19,2.41,0.0
2023-08-02 13:00:00,1.97478,926.74,54.47,27.08,2.83,0.0
2023-08-02 14:00:00,1.7085899999999998,782.75,46.41,27.19,2.83,0.0
2023-08-02 15:00:00,1.2306,552.54,36.92,26.97,2.34,0.0
2023-08-02 16:00:00,0.09813,57.18,26.84,26.57,1.66,0.0
2023-08-02 17:00:00,0.02016,19.37,16.67,25.89,1.93,0.0
2023-08-02 18:00:00,0.00027,6.07,6.77,24.23,1.93,0.0
2023-08-02 19:00:00,0.0,0.0,0.0,22.29,2.21,0.0
2023-08-02 20:00:00,0.0,0.0,0.0,20.74,1.86,0.0
2023-08-02 21:00:00,0.0,0.0,0.0,19.65,1.93,0.0
2023-08-02 22:00:00,0.0,0.0,0.0,19.04,1.86,0.0
2023-08-02 23:00:00,0.0,0.0,0.0,18.57,1.59,0.0
2023-08-03 00:00:00,0.0,0.0,0.0,17.55,1.66,0.0
2023-08-03 01:00:00,0.0,0.0,0.0,16.19,1.59,0.0
2023-08-03 02:00:00,0.0,0.0,0.0,14.87,1.79,0.0
2023-08-03 03:00:00,0.0,0.0,0.0,14.34,1.93,0.0
2023-08-03 04:00:00,0.0,0.0,0.0,13.74,1.93,0.0
2023-08-03 05:00:00,0.09675,53.73,9.12,13.73,1.79,0.0
2023-08-03 06:00:00,0.38793,202.09,19.13,15.6,1.72,0.0
2023-08-03 07:00:00,0.95238,415.59,29.32,17.19,1.59,0.0
2023-08-03 08:00:00,1.4975699999999998,651.27,39.29,18.2,2.07,0.0
2023-08-03 09:00:00,1.80954,801.04,48.49,19.06,2.62,0.0
2023-08-03 10:00:00,2.0810999999999997,941.41,55.94,19.78,3.03,0.0
2023-08-03 11:00:00,2.04588,927.96,60.07,20.27,3.03,0.0
2023-08-03 12:00:00,2.1490500000000003,984.33,59.41,20.56,3.03,0.0
2023-08-03 13:00:00,1.20132,520.31,54.23,20.57,2.83,0.0
2023-08-03 14:00:00,0.66216,288.43,46.2,20.66,2.83,0.0
2023-08-03 15:00:00,1.14066,494.12,36.73,20.59,2.41,0.0
2023-08-03 16:00:00,0.5936699999999999,262.96,26.65,20.17,2.41,0.0
2023-08-03 17:00:00,0.08925,51.64,16.47,19.31,1.59,0.0
2023-08-03 18:00:00,0.01284,14.73,6.57,18.41,1.1,0.0
2023-08-03 19:00:00,0.0,0.0,0.0,18.67,0.28,0.0
2023-08-03 20:00:00,0.0,0.0,0.0,18.25,0.41,0.0
2023-08-03 21:00:00,0.0,0.0,0.0,17.74,0.55,0.0
2023-08-03 22:00:00,0.0,0.0,0.0,17.07,0.69,0.0
2023-08-03 23:00:00,0.0,0.0,0.0,16.68,0.55,0.0
2023-08-04 00:00:00,0.0,0.0,0.0,16.28,0.41,0.0
2023-08-04 01:00:00,0.0,0.0,0.0,16.02,0.28,0.0
2023-08-04 02:00:00,0.0,0.0,0.0,15.68,0.21,0.0
2023-08-04 03:00:00,0.0,0.0,0.0,15.32,0.21,0.0
2023-08-04 04:00:00,0.0,0.0,0.0,15.2,0.07,0.0
2023-08-04 05:00:00,0.00879,12.13,8.94,15.02,0.41,0.0
2023-08-04 06:00:00,0.24803999999999998,117.44,18.96,14.64,0.14,0.0
2023-08-04 07:00:00,0.87519,380.56,29.15,15.76,0.69,0.0
2023-08-04 08:00:00,1.03281,442.53,39.12,16.41,0.97,0.0
2023-08-04 09:00:00,1.28223,557.47,48.29,17.07,0.9,0.0
2023-08-04 10:00:00,0.17922,89.45,55.71,18.07,1.1,0.0
2023-08-04 11:00:00,1.60392,720.97,59.81,18.65,0.97,0.0
2023-08-04 12:00:00,1.5439200000000002,688.08,59.15,18.67,1.17,0.0
2023-08-04 13:00:00,0.28958999999999996,134.64,53.99,18.36,1.45,0.0
2023-08-04 14:00:00,0.26988,126.34,45.98,17.65,1.1,0.0
2023-08-04 15:00:00,0.9327300000000001,401.18,36.52,17.14,0.83,0.0
2023-08-04 16:00:00,0.15324000000000002,78.39,26.45,17.25,1.24,0.0
2023-08-04 17:00:00,0.18153,90.07,16.27,15.76,1.38,0.0
2023-08-04 18:00:00,0.036359999999999996,26.87,6.36,15.02,1.24,0.0
2023-08-04 19:00:00,0.0,0.0,0.0,14.48,1.59,0.0
2023-08-04 20:00:00,0.0,0.0,0.0,14.09,1.59,0.0
2023-08-04 21:00:00,0.0,0.0,0.0,13.69,1.38,0.0
2023-08-04 22:00:00,0.0,0.0,0.0,13.49,1.31,0.0
2023-08-04 23:00:00,0.0,0.0,0.0,13.26,1.45,0.0
2023-08-05 00:00:00,0.0,0.0,0.0,13.11,1.38,0.0
2023-08-05 01:00:00,0.0,0.0,0.0,12.84,1.59,0.0
2023-08-05 02:00:00,0.0,0.0,0.0,12.75,1.38,0.0
2023-08-05 03:00:00,0.0,0.0,0.0,12.84,1.45,0.0
2023-08-05 04:00:00,0.0,0.0,0.0,12.77,1.66,0.0
2023-08-05 05:00:00,0.044219999999999995,30.33,8.76,12.49,1.38,0.0
2023-08-05 06:00:00,0.09434999999999999,52.57,18.79,12.97,1.38,0.0
2023-08-05 07:00:00,0.6630900000000001,282.1,28.97,12.77,1.38,0.0
2023-08-05 08:00:00,0.54999,235.22,38.93,13.03,1.17,0.0
2023-08-05 09:00:00,0.25425,118.04,48.09,13.72,0.97,0.0
2023-08-05 10:00:00,1.17783,504.49,55.48,14.88,0.97,0.0
2023-08-05 11:00:00,0.44838,197.35,59.55,16.07,1.24,0.0
2023-08-05 12:00:00,1.39467,609.77,58.88,17.06,1.17,0.0
2023-08-05 13:00:00,0.43839,194.59,53.75,17.43,1.1,0.0
2023-08-05 14:00:00,0.6190800000000001,268.88,45.76,17.9,1.38,0.0
2023-08-05 15:00:00,1.28448,557.33,36.31,17.78,1.31,0.0
2023-08-05 16:00:00,0.8240700000000001,368.22,26.25,18.09,1.03,0.0
2023-08-05 17:00:00,0.25584,152.44,16.07,18.27,1.1,0.0
2023-08-05 18:00:00,0.0129,14.73,6.15,17.55,1.03,0.0
2023-08-05 19:00:00,0.0,0.0,0.0,16.21,1.03,0.0
2023-08-05 20:00:00,0.0,0.0,0.0,15.45,1.17,0.0
2023-08-05 21:00:00,0.0,0.0,0.0,15.07,1.17,0.0
2023-08-05 22:00:00,0.0,0.0,0.0,13.85,1.31,0.0
2023-08-05 23:00:00,0.0,0.0,0.0,13.81,1.03,0.0
2023-08-06 00:00:00,0.0,0.0,0.0,13.37,1.45,0.0
2023-08-06 01:00:00,0.0,0.0,0.0,13.22,1.45,0.0
2023-08-06 02:00:00,0.0,0.0,0.0,12.73,1.52,0.0
2023-08-06 03:00:00,0.0,0.0,0.0,12.76,1.79,0.0
2023-08-06 04:00:00,0.0,0.0,0.0,11.69,1.72,0.0
2023-08-06 05:00:00,0.08547,48.53,8.58,11.85,2.14,0.0
2023-08-06 06:00:00,0.13473,69.17,18.61,12.34,2.69,0.0
2023-08-06 07:00:00,0.36273,159.7,28.8,12.4,2.62,0.0
2023-08-06 08:00:00,0.35025,154.93,38.75,12.71,2.69,0.0
2023-08-06 09:00:00,0.76671,318.59,47.89,12.38,3.45,0.0
2023-08-06 10:00:00,1.00911,418.29,55.24,12.67,3.24,0.0
2023-08-06 11:00:00,1.0524,436.8,59.28,13.54,3.86,0.0
2023-08-06 12:00:00,0.41448,179.83,58.61,12.68,3.45,0.0
2023-08-06 13:00:00,0.28931999999999997,130.95,53.5,12.88,3.24,0.0
2023-08-06 14:00:00,1.2223499999999998,508.08,45.53,13.09,3.03,0.0
2023-08-06 15:00:00,1.19514,498.48,36.1,13.73,2.97,0.0
2023-08-06 16:00:00,0.34404,153.2,26.04,13.49,2.69,0.0
2023-08-06 17:00:00,0.27048,133.02,15.86,13.59,2.69,0.0
2023-08-06 18:00:00,0.04611,31.2,5.93,12.36,1.72,0.0
2023-08-06 19:00:00,0.0,0.0,0.0,11.31,2.07,0.0
2023-08-06 20:00:00,0.0,0.0,0.0,10.65,2.07,0.0
2023-08-06 21:00:00,0.0,0.0,0.0,10.44,2.28,0.0
2023-08-06 22:00:00,0.0,0.0,0.0,10.24,2.07,0.0
2023-08-06 23:00:00,0.0,0.0,0.0,10.24,2.28,0.0
2023-08-07 00:00:00,0.0,0.0,0.0,9.99,2.21,0.0
2023-08-07 01:00:00,0.0,0.0,0.0,9.78,1.86,0.0
2023-08-07 02:00:00,0.0,0.0,0.0,9.6,1.79,0.0
2023-08-07 03:00:00,0.0,0.0,0.0,9.22,1.79,0.0
2023-08-07 04:00:00,0.0,0.0,0.0,9.15,1.86,0.0
2023-08-07 05:00:00,0.04122,28.6,8.4,9.45,1.72,0.0
2023-08-07 06:00:00,0.33801,155.57,18.44,10.49,1.59,0.0
2023-08-07 07:00:00,0.33972,150.44,28.62,11.61,1.79,0.0
2023-08-07 08:00:00,0.59001,249.9,38.56,12.62,2.0,0.0
2023-08-07 09:00:00,0.78849,331.43,47.68,13.63,2.07,0.0
2023-08-07 10:00:00,1.25427,532.03,55.0,14.74,2.07,0.0
2023-08-07 11:00:00,0.28704,131.88,59.01,15.64,2.07,0.0
2023-08-07 12:00:00,0.53649,232.4,58.34,16.16,2.14,0.0
2023-08-07 13:00:00,0.9213300000000001,388.8,53.24,15.11,2.28,0.0
2023-08-07 14:00:00,1.1875799999999999,503.76,45.3,15.8,2.14,0.0
2023-08-07 15:00:00,0.81456,344.17,35.88,15.14,2.07,0.0
2023-08-07 16:00:00,0.23229,109.74,25.82,15.16,1.79,0.0
2023-08-07 17:00:00,0.17877,88.78,15.64,14.68,1.31,0.0
2023-08-07 18:00:00,0.04008,28.6,5.71,14.46,0.9,0.0
2023-08-07 19:00:00,0.0,0.0,0.0,13.34,0.97,0.0
2023-08-07 20:00:00,0.0,0.0,0.0,12.51,1.1,0.0
2023-08-07 21:00:00,0.0,0.0,0.0,12.92,1.1,0.0
2023-08-07 22:00:00,0.0,0.0,0.0,13.38,1.1,0.0
2023-08-07 23:00:00,0.0,0.0,0.0,13.66,1.03,0.0
2023-08-08 00:00:00,0.0,0.0,0.0,13.63,0.9,0.0
2023-08-08 01:00:00,0.0,0.0,0.0,13.57,0.76,0.0
2023-08-08 02:00:00,0.0,0.0,0.0,13.58,0.48,0.0
2023-08-08 03:00:00,0.0,0.0,0.0,13.51,0.21,0.0
2023-08-08 04:00:00,0.0,0.0,0.0,13.32,0.28,0.0
2023-08-08 05:00:00,0.08270999999999999,47.67,8.22,13.19,0.34,0.0
2023-08-08 06:00:00,0.27594,129.21,18.26,13.37,0.34,0.0
2023-08-08 07:00:00,0.77166,332.44,28.45,14.29,0.48,0.0
2023-08-08 08:00:00,1.32828,577.8,38.38,15.59,0.41,0.0
2023-08-08 09:00:00,1.30479,567.85,47.47,16.67,0.76,0.0
2023-08-08 10:00:00,1.6251600000000002,723.55,54.76,17.56,1.17,0.0
2023-08-08 11:00:00,1.30356,569.68,58.74,18.24,1.31,0.0
2023-08-08 12:00:00,1.16091,504.78,58.06,18.96,1.52,0.0
2023-08-08 13:00:00,1.6865999999999999,755.88,52.98,19.48,1.66,0.0
2023-08-08 14:00:00,1.38705,608.87,45.06,19.69,1.59,0.0
2023-08-08 15:00:00,1.28715,563.79,35.65,19.64,1.38,0.0
2023-08-08 16:00:00,0.76212,340.73,25.61,19.69,1.38,0.0
2023-08-08 17:00:00,0.25629,132.41,15.42,19.25,0.83,0.0
2023-08-08 18:00:00,0.0426,30.33,5.48,19.12,0.28,0.0
2023-08-08 19:00:00,0.0,0.0,0.0,18.16,0.14,0.0
2023-08-08 20:00:00,0.0,0.0,0.0,17.83,0.76,0.0
2023-08-08 21:00:00,0.0,0.0,0.0,17.21,0.97,0.0
2023-08-08 22:00:00,0.0,0.0,0.0,17.14,0.9,0.0
2023-08-08 23:00:00,0.0,0.0,0.0,16.04,1.17,0.0
2023-08-09 00:00:00,0.0,0.0,0.0,15.46,1.17,0.0
2023-08-09 01:00:00,0.0,0.0,0.0,17.0,0.83,0.0
2023-08-09 02:00:00,0.0,0.0,0.0,16.97,0.9,0.0
2023-08-09 03:00:00,0.0,0.0,0.0,16.63,1.1,0.0
2023-08-09 04:00:00,0.0,0.0,0.0,15.88,1.24,0.0
2023-08-09 05:00:00,0.03426,26.0,8.03,16.72,1.03,0.0
2023-08-09 06:00:00,0.12290999999999999,65.48,18.08,16.44,1.03,0.0
2023-08-09 07:00:00,0.18705000000000002,92.22,28.27,16.71,0.69,0.0
2023-08-09 08:00:00,0.56136,245.43,38.18,17.69,0.76,0.0
2023-08-09 09:00:00,1.04889,454.43,47.26,18.1,0.83,0.0
2023-08-09 10:00:00,0.95325,412.9,54.51,18.09,0.83,0.0
2023-08-09 11:00:00,0.69312,301.61,58.46,19.04,1.38,0.0
2023-08-09 12:00:00,1.17345,510.26,57.77,20.05,2.07,0.0
2023-08-09 13:00:00,0.9798600000000001,426.5,52.71,20.56,1.66,0.0
2023-08-09 14:00:00,0.2727,129.11,44.81,20.95,1.79,0.0
2023-08-09 15:00:00,0.83982,365.76,35.42,21.08,1.66,0.0
2023-08-09 16:00:00,0.37161,170.25,25.38,21.01,1.79,0.0
2023-08-09 17:00:00,0.09084,52.57,15.2,20.22,1.1,0.0
2023-08-09 18:00:00,0.02856,23.4,5.25,19.6,0.48,0.0
2023-08-09 19:00:00,0.0,0.0,0.0,19.54,0.48,0.0
2023-08-09 20:00:00,0.0,0.0,0.0,19.22,0.28,0.0
2023-08-09 21:00:00,0.0,0.0,0.0,18.76,0.28,0.0
2023-08-09 22:00:00,0.0,0.0,0.0,18.28,0.34,0.0
2023-08-09 23:00:00,0.0,0.0,0.0,17.77,0.48,0.0
2023-08-10 00:00:00,0.0,0.0,0.0,17.26,0.55,0.0
2023-08-10 01:00:00,0.0,0.0,0.0,16.05,0.76,0.0
2023-08-10 02:00:00,0.0,0.0,0.0,15.26,0.83,0.0
2023-08-10 03:00:00,0.0,0.0,0.0,14.13,0.97,0.0
2023-08-10 04:00:00,0.0,0.0,0.0,12.75,1.17,0.0
2023-08-10 05:00:00,0.07122,42.47,7.84,12.23,1.17,0.0
2023-08-10 06:00:00,0.36804000000000003,190.08,17.9,13.9,0.97,0.0
2023-08-10 07:00:00,0.948,416.69,28.08,16.79,0.62,0.0
2023-08-10 08:00:00,1.43394,640.0,37.99,18.93,0.34,0.0
2023-08-10 09:00:00,1.7818800000000001,825.13,47.04,20.36,0.55,0.0
2023-08-10 10:00:00,2.0049,958.59,54.26,21.62,0.76,0.0
2023-08-10 11:00:00,2.07717,1005.49,58.18,22.73,0.97,0.0
2023-08-10 12:00:00,2.0660100000000003,1003.66,57.48,23.52,0.97,0.0
2023-08-10 13:00:00,1.94439,933.38,52.44,24.12,0.9,0.0
2023-08-10 14:00:00,1.66626,775.93,44.56,24.44,0.83,0.0
2023-08-10 15:00:00,1.1376300000000001,509.66,35.19,24.51,1.03,0.0
2023-08-10 16:00:00,0.66171,302.61,25.15,24.21,0.97,0.0
2023-08-10 17:00:00,0.23892,128.57,14.97,23.56,0.83,0.0
2023-08-10 18:00:00,0.02649,22.53,5.01,22.19,0.76,0.0
2023-08-10 19:00:00,0.0,0.0,0.0,23.46,0.55,0.0
2023-08-10 20:00:00,0.0,0.0,0.0,22.73,0.48,0.0
2023-08-10 21:00:00,0.0,0.0,0.0,22.06,0.83,0.0
2023-08-10 22:00:00,0.0,0.0,0.0,21.55,0.76,0.0
2023-08-10 23:00:00,0.0,0.0,0.0,21.12,0.62,0.0
2023-08-11 00:00:00,0.0,0.0,0.0,20.79,0.69,0.0
2023-08-11 01:00:00,0.0,0.0,0.0,20.64,0.83,0.0
2023-08-11 02:00:00,0.0,0.0,0.0,20.38,0.9,0.0
2023-08-11 03:00:00,0.0,0.0,0.0,20.07,0.9,0.0
2023-08-11 04:00:00,0.0,0.0,0.0,19.69,0.97,0.0
2023-08-11 05:00:00,0.0669,41.6,7.65,18.75,1.1,0.0
2023-08-11 06:00:00,0.3552,187.6,17.72,18.83,0.9,0.0
2023-08-11 07:00:00,0.92127,414.21,27.9,21.17,0.48,0.0
2023-08-11 08:00:00,1.39353,636.2,37.8,23.04,0.21,0.0
2023-08-11 09:00:00,1.7314200000000002,824.84,46.82,24.33,0.21,0.0
2023-08-11 10:00:00,1.95075,953.23,54.01,25.31,0.62,0.0
2023-08-11 11:00:00,2.02842,1006.42,57.89,26.0,0.69,0.0
2023-08-11 12:00:00,2.02473,1003.38,57.19,26.62,0.83,0.0
2023-08-11 13:00:00,1.89924,921.6,52.17,26.93,0.97,0.0
2023-08-11 14:00:00,1.647,774.29,44.31,27.09,1.03,0.0
2023-08-11 15:00:00,1.28691,590.87,34.95,26.83,0.76,0.0
2023-08-11 16:00:00,0.75264,352.54,24.92,26.65,0.62,0.0
2023-08-11 17:00:00,0.22926,135.22,14.73,25.94,0.55,0.0
2023-08-11 18:00:00,0.032490000000000005,26.0,4.77,25.91,0.41,0.0
2023-08-11 19:00:00,0.0,0.0,0.0,25.24,0.55,0.0
2023-08-11 20:00:00,0.0,0.0,0.0,24.4,0.69,0.0
2023-08-11 21:00:00,0.0,0.0,0.0,23.66,0.83,0.0
2023-08-11 22:00:00,0.0,0.0,0.0,23.04,0.9,0.0
2023-08-11 23:00:00,0.0,0.0,0.0,22.16,1.03,0.0
2023-08-12 00:00:00,0.0,0.0,0.0,21.2,1.17,0.0
2023-08-12 01:00:00,0.0,0.0,0.0,20.33,1.24,0.0
2023-08-12 02:00:00,0.0,0.0,0.0,19.53,1.38,0.0
2023-08-12 03:00:00,0.0,0.0,0.0,18.03,1.66,0.0
2023-08-12 04:00:00,0.0,0.0,0.0,17.39,1.79,0.0
2023-08-12 05:00:00,0.0675,41.6,7.46,17.17,1.93,0.0
2023-08-12 06:00:00,0.2409,116.9,17.54,18.74,1.66,0.0
2023-08-12 07:00:00,0.63876,284.65,27.72,21.74,1.03,0.0
2023-08-12 08:00:00,0.5650499999999999,254.4,37.6,23.6,0.34,0.0
2023-08-12 09:00:00,0.44781,205.65,46.6,25.2,1.03,0.0
2023-08-12 10:00:00,0.29258999999999996,140.18,53.75,24.95,0.55,0.0
2023-08-12 11:00:00,0.72666,327.21,57.6,26.15,1.17,0.0
2023-08-12 12:00:00,1.95936,979.7,56.89,27.62,0.48,0.0
2023-08-12 13:00:00,1.90173,910.34,51.88,28.07,1.79,0.0
2023-08-12 14:00:00,1.51827,687.27,44.05,26.04,2.34,0.0
2023-08-12 15:00:00,1.0695899999999998,475.78,34.7,24.55,1.45,0.0
2023-08-12 16:00:00,0.46427999999999997,213.36,24.68,24.37,1.31,0.0
2023-08-12 17:00:00,0.15342,81.48,14.49,23.63,0.62,0.0
2023-08-12 18:00:00,0.02628,22.53,4.52,23.52,0.69,0.0
2023-08-12 19:00:00,0.0,0.0,0.0,23.99,0.34,0.0
2023-08-12 20:00:00,0.0,0.0,0.0,22.88,0.97,0.0
2023-08-12 21:00:00,0.0,0.0,0.0,22.24,0.9,0.0
2023-08-12 22:00:00,0.0,0.0,0.0,21.49,0.83,0.0
2023-08-12 23:00:00,0.0,0.0,0.0,19.12,1.1,0.0
2023-08-13 00:00:00,0.0,0.0,0.0,17.05,1.24,0.0
2023-08-13 01:00:00,0.0,0.0,0.0,16.11,1.1,0.0
2023-08-13 02:00:00,0.0,0.0,0.0,16.5,1.17,0.0
2023-08-13 03:00:00,0.0,0.0,0.0,16.26,1.24,0.0
2023-08-13 04:00:00,0.0,0.0,0.0,15.75,1.24,0.0
2023-08-13 05:00:00,0.06408,39.87,7.27,15.81,1.24,0.0
2023-08-13 06:00:00,0.34524,176.43,17.35,17.14,1.03,0.0
2023-08-13 07:00:00,0.89271,402.28,27.53,21.19,0.14,0.0
2023-08-13 08:00:00,1.35195,611.15,37.4,22.84,0.48,0.0
2023-08-13 09:00:00,1.6738199999999999,782.66,46.38,24.4,0.69,0.0
2023-08-13 10:00:00,1.8208199999999999,863.49,53.49,25.41,1.17,0.0
2023-08-13 11:00:00,1.9935,972.55,57.31,26.17,1.1,0.0
2023-08-13 12:00:00,1.99107,969.9,56.58,26.64,1.24,0.0
2023-08-13 13:00:00,1.83411,878.37,51.6,26.38,1.03,0.0
2023-08-13 14:00:00,0.92775,415.98,43.78,26.35,1.24,0.0
2023-08-13 15:00:00,0.98688,443.63,34.45,26.36,1.1,0.0
2023-08-13 16:00:00,0.041159999999999995,30.43,24.43,26.22,0.48,0.0
2023-08-13 17:00:00,0.19998,106.61,14.25,25.39,0.76,0.0
2023-08-13 18:00:00,0.02451,21.67,4.27,24.67,0.76,0.0
2023-08-13 19:00:00,0.0,0.0,0.0,24.53,0.69,0.0
2023-08-13 20:00:00,0.0,0.0,0.0,23.11,0.83,0.0
2023-08-13 21:00:00,0.0,0.0,0.0,22.6,0.21,0.0
2023-08-13 22:00:00,0.0,0.0,0.0,22.32,0.69,0.0
2023-08-13 23:00:00,0.0,0.0,0.0,21.74,1.03,0.0
2023-08-14 00:00:00,0.0,0.0,0.0,19.85,1.24,0.0
2023-08-14 01:00:00,0.0,0.0,0.0,18.79,1.38,0.0
2023-08-14 02:00:00,0.0,0.0,0.0,18.22,1.45,0.0
2023-08-14 03:00:00,0.0,0.0,0.0,17.91,1.45,0.0
2023-08-14 04:00:00,0.0,0.0,0.0,17.53,1.52,0.0
2023-08-14 05:00:00,0.04863,32.93,7.08,17.07,1.66,0.0
2023-08-14 06:00:00,0.34587,181.49,17.17,18.6,1.52,0.0
2023-08-14 07:00:00,0.8892599999999999,401.62,27.34,22.5,0.55,0.0
2023-08-14 08:00:00,1.34013,615.44,37.2,24.92,0.21,0.0
2023-08-14 09:00:00,1.5763800000000001,743.35,46.15,26.29,0.41,0.0
2023-08-14 10:00:00,1.0981500000000002,500.86,53.23,27.4,0.83,0.0
2023-08-14 11:00:00,1.90392,928.27,57.01,27.99,1.17,0.0
2023-08-14 12:00:00,1.80246,872.86,56.28,28.51,1.1,0.0
2023-08-14 13:00:00,1.94484,939.73,51.3,26.08,1.1,0.0
2023-08-14 14:00:00,1.51689,708.06,43.51,25.97,0.48,0.0
2023-08-14 15:00:00,0.83958,375.16,34.19,25.96,1.38,0.0
2023-08-14 16:00:00,0.72636,336.9,24.18,25.83,1.45,0.0
2023-08-14 17:00:00,0.20912999999999998,113.91,14.0,25.55,1.17,0.0
2023-08-14 18:00:00,0.00023999999999999998,6.07,4.01,24.73,0.83,0.0
2023-08-14 19:00:00,0.0,0.0,0.0,26.36,0.41,0.0
2023-08-14 20:00:00,0.0,0.0,0.0,25.6,0.62,0.0
2023-08-14 21:00:00,0.0,0.0,0.0,24.95,0.9,0.0
2023-08-14 22:00:00,0.0,0.0,0.0,23.01,1.17,0.0
2023-08-14 23:00:00,0.0,0.0,0.0,21.95,1.24,0.0
2023-08-15 00:00:00,0.0,0.0,0.0,20.5,1.52,0.0
2023-08-15 01:00:00,0.0,0.0,0.0,19.95,1.59,0.0
2023-08-15 02:00:00,0.0,0.0,0.0,19.37,1.66,0.0
2023-08-15 03:00:00,0.0,0.0,0.0,18.66,1.79,0.0
2023-08-15 04:00:00,0.0,0.0,0.0,18.51,1.59,0.0
2023-08-15 05:00:00,0.04647,32.07,6.89,18.26,1.52,0.0
2023-08-15 06:00:00,0.29819999999999997,146.52,16.98,19.42,1.31,0.0
2023-08-15 07:00:00,0.60042,270.52,27.15,22.89,0.41,0.0
2023-08-15 08:00:00,1.3557000000000001,615.0,37.0,24.07,0.69,0.0
2023-08-15 09:00:00,1.7153699999999998,808.3,45.92,24.72,0.62,0.0
2023-08-15 10:00:00,1.89264,933.95,52.96,25.65,0.14,0.0
2023-08-15 11:00:00,1.99764,991.97,56.71,26.15,0.55,0.0
2023-08-15 12:00:00,1.86864,911.71,55.96,26.74,0.69,0.0
2023-08-15 13:00:00,1.57017,744.14,51.01,26.77,0.41,0.0
2023-08-15 14:00:00,1.62474,758.19,43.23,26.54,1.1,0.0
2023-08-15 15:00:00,1.20828,548.77,33.93,25.81,0.76,0.0
2023-08-15 16:00:00,0.07413,46.11,23.93,25.64,0.55,0.0
2023-08-15 17:00:00,0.17862,95.48,13.74,24.8,0.41,0.0
2023-08-15 18:00:00,0.01821,18.2,3.75,24.7,0.55,0.0
2023-08-15 19:00:00,0.0,0.0,0.0,25.27,0.41,0.0
2023-08-15 20:00:00,0.0,0.0,0.0,24.49,0.69,0.0
2023-08-15 21:00:00,0.0,0.0,0.0,23.78,0.69,0.0
2023-08-15 22:00:00,0.0,0.0,0.0,22.89,0.62,0.0
2023-08-15 23:00:00,0.0,0.0,0.0,19.86,0.97,0.0
2023-08-16 00:00:00,0.0,0.0,0.0,18.13,1.17,0.0
2023-08-16 01:00:00,0.0,0.0,0.0,17.69,1.31,0.0
2023-08-16 02:00:00,0.0,0.0,0.0,17.07,1.38,0.0
2023-08-16 03:00:00,0.0,0.0,0.0,16.73,1.45,0.0
2023-08-16 04:00:00,0.0,0.0,0.0,16.38,1.45,0.0
2023-08-16 05:00:00,0.05439,35.53,6.69,16.43,1.38,0.0
2023-08-16 06:00:00,0.34743,183.11,16.79,17.81,1.1,0.0
2023-08-16 07:00:00,0.9019199999999999,407.52,26.96,22.24,0.41,0.0
2023-08-16 08:00:00,1.37325,625.25,36.8,24.47,0.69,0.0
2023-08-16 09:00:00,1.73427,816.63,45.69,25.58,0.97,0.0
2023-08-16 10:00:00,1.9501199999999999,943.72,52.69,26.64,1.24,0.0
2023-08-16 11:00:00,2.03469,1001.95,56.4,27.37,1.24,0.0
2023-08-16 12:00:00,2.0133,997.7,55.65,28.16,1.1,0.0
2023-08-16 13:00:00,1.8768,908.77,50.71,28.46,1.31,0.0
2023-08-16 14:00:00,1.61451,755.7,42.95,28.05,1.38,0.0
2023-08-16 15:00:00,1.25202,570.82,33.67,26.54,0.97,0.0
2023-08-16 16:00:00,0.66747,310.67,23.67,26.33,0.83,0.0
2023-08-16 17:00:00,0.20796,120.82,13.48,25.89,0.97,0.0
2023-08-16 18:00:00,0.00444,9.53,3.49,24.49,0.9,0.0
2023-08-16 19:00:00,0.0,0.0,0.0,23.72,0.83,0.0
2023-08-16 20:00:00,0.0,0.0,0.0,23.61,0.83,0.0
2023-08-16 21:00:00,0.0,0.0,0.0,22.99,0.9,0.0
2023-08-16 22:00:00,0.0,0.0,0.0,22.4,0.9,0.0
2023-08-16 23:00:00,0.0,0.0,0.0,21.99,1.03,0.0
2023-08-17 00:00:00,0.0,0.0,0.0,21.9,0.97,0.0
2023-08-17 01:00:00,0.0,0.0,0.0,21.86,0.97,0.0
2023-08-17 02:00:00,0.0,0.0,0.0,21.62,1.03,0.0
2023-08-17 03:00:00,0.0,0.0,0.0,21.33,1.1,0.0
2023-08-17 04:00:00,0.0,0.0,0.0,21.21,1.03,0.0
2023-08-17 05:00:00,0.00126,6.93,6.5,21.51,0.97,0.0
2023-08-17 06:00:00,0.31433999999999995,160.53,16.6,22.04,0.69,0.0
2023-08-17 07:00:00,0.62097,279.95,26.77,22.55,0.0,0.0
2023-08-17 08:00:00,1.23729,557.54,36.59,23.77,0.55,0.0
2023-08-17 09:00:00,1.24827,563.84,45.46,24.59,0.83,0.0
2023-08-17 10:00:00,0.16608,86.69,52.42,25.43,0.69,0.0
2023-08-17 11:00:00,0.19128,97.75,56.09,26.19,0.9,0.0
2023-08-17 12:00:00,1.36485,631.84,55.33,26.37,0.62,0.0
2023-08-17 13:00:00,0.25947000000000003,127.26,50.4,26.72,0.34,0.0
2023-08-17 14:00:00,0.19755,100.52,42.67,26.48,1.1,0.0
2023-08-17 15:00:00,0.14889,79.31,33.4,25.75,1.31,0.0
2023-08-17 16:00:00,0.13038,71.01,23.41,24.91,1.38,0.0
2023-08-17 17:00:00,0.11715,65.12,13.22,23.66,1.31,0.0
2023-08-17 18:00:00,0.00834,12.13,3.22,22.62,1.31,0.0
2023-08-17 19:00:00,0.0,0.0,0.0,22.51,0.9,0.0
2023-08-17 20:00:00,0.0,0.0,0.0,22.64,0.83,0.0
2023-08-17 21:00:00,0.0,0.0,0.0,22.08,1.03,0.0
2023-08-17 22:00:00,0.0,0.0,0.0,21.53,1.17,0.0
2023-08-17 23:00:00,0.0,0.0,0.0,21.13,1.24,0.0
2023-08-18 00:00:00,0.0,0.0,0.0,21.46,1.03,0.0
2023-08-18 01:00:00,0.0,0.0,0.0,21.48,0.97,0.0
2023-08-18 02:00:00,0.0,0.0,0.0,20.88,1.03,0.0
2023-08-18 03:00:00,0.0,0.0,0.0,20.31,1.1,0.0
2023-08-18 04:00:00,0.0,0.0,0.0,20.48,1.1,0.0
2023-08-18 05:00:00,0.051179999999999996,34.67,6.3,21.08,0.97,0.0
2023-08-18 06:00:00,0.33255,173.38,16.41,21.37,0.9,0.0
2023-08-18 07:00:00,0.90801,407.58,26.58,22.03,0.97,0.0
2023-08-18 08:00:00,1.38384,629.39,36.38,24.13,0.69,0.0
2023-08-18 09:00:00,1.71465,817.46,45.22,25.97,0.48,0.0
2023-08-18 10:00:00,1.91916,951.26,52.15,27.05,0.41,0.0
2023-08-18 11:00:00,1.99893,1009.47,55.78,28.09,0.48,0.0
2023-08-18 12:00:00,1.93536,978.11,55.0,28.89,0.34,0.0
2023-08-18 13:00:00,1.73172,854.81,50.09,29.33,0.21,0.0
2023-08-18 14:00:00,1.53573,739.05,42.38,29.36,0.14,0.0
2023-08-18 15:00:00,1.20504,561.02,33.12,29.52,0.48,0.0
2023-08-18 16:00:00,0.71481,339.36,23.14,28.29,0.41,0.0
2023-08-18 17:00:00,0.19056,122.07,12.95,28.86,0.41,0.0
2023-08-18 18:00:00,0.012029999999999999,14.73,2.95,28.26,0.34,0.0
2023-08-18 19:00:00,0.0,0.0,0.0,27.37,0.62,0.0
2023-08-18 20:00:00,0.0,0.0,0.0,26.32,0.97,0.0
2023-08-18 21:00:00,0.0,0.0,0.0,25.45,0.97,0.0
2023-08-18 22:00:00,0.0,0.0,0.0,24.82,1.03,0.0
2023-08-18 23:00:00,0.0,0.0,0.0,23.98,1.1,0.0
2023-08-19 00:00:00,0.0,0.0,0.0,23.25,1.17,0.0
2023-08-19 01:00:00,0.0,0.0,0.0,23.23,1.17,0.0
2023-08-19 02:00:00,0.0,0.0,0.0,22.93,1.17,0.0
2023-08-19 03:00:00,0.0,0.0,0.0,22.63,1.31,0.0
2023-08-19 04:00:00,0.0,0.0,0.0,22.12,1.38,0.0
2023-08-19 05:00:00,0.04746,32.93,6.1,21.47,1.52,0.0
2023-08-19 06:00:00,0.33186,178.11,16.22,22.04,1.31,0.0
2023-08-19 07:00:00,0.88815,402.96,26.38,24.39,1.03,0.0
2023-08-19 08:00:00,1.3561800000000002,623.38,36.17,27.03,0.9,0.0
2023-08-19 09:00:00,1.68744,810.1,44.99,28.46,0.69,0.0
2023-08-19 10:00:00,1.84107,912.13,51.87,29.55,0.62,0.0
2023-08-19 11:00:00,1.7028599999999998,829.99,55.46,30.17,0.83,0.0
2023-08-19 12:00:00,1.79559,896.88,54.68,30.44,0.41,0.0
2023-08-19 13:00:00,1.7610299999999999,881.11,49.78,30.52,0.14,0.0
2023-08-19 14:00:00,1.55379,750.95,42.08,30.65,0.34,0.0
2023-08-19 15:00:00,1.06758,497.86,32.84,30.61,0.21,0.0
2023-08-19 16:00:00,0.6935399999999999,333.34,22.87,30.26,0.21,0.0
2023-08-19 17:00:00,0.18528,120.96,12.68,29.32,0.21,0.0
2023-08-19 18:00:00,0.00933,13.0,2.67,27.91,0.76,0.0
2023-08-19 19:00:00,0.0,0.0,0.0,27.85,0.69,0.0
2023-08-19 20:00:00,0.0,0.0,0.0,26.6,0.9,0.0
2023-08-19 21:00:00,0.0,0.0,0.0,26.05,0.9,0.0
2023-08-19 22:00:00,0.0,0.0,0.0,25.81,0.83,0.0
2023-08-19 23:00:00,0.0,0.0,0.0,25.47,0.76,0.0
2023-08-20 00:00:00,0.0,0.0,0.0,25.1,0.76,0.0
2023-08-20 01:00:00,0.0,0.0,0.0,24.48,0.76,0.0
2023-08-20 02:00:00,0.0,0.0,0.0,24.09,0.69,0.0
2023-08-20 03:00:00,0.0,0.0,0.0,23.7,0.62,0.0
2023-08-20 04:00:00,0.0,0.0,0.0,23.47,0.55,0.0
2023-08-20 05:00:00,0.04338,31.2,5.9,23.35,0.69,0.0
2023-08-20 06:00:00,0.31554000000000004,165.57,16.02,23.5,0.76,0.0
2023-08-20 07:00:00,0.88476,401.47,26.18,23.56,0.55,0.0
2023-08-20 08:00:00,1.34334,622.01,35.96,25.88,0.07,0.0
2023-08-20 09:00:00,1.65777,793.46,44.74,27.08,0.34,0.0
2023-08-20 10:00:00,1.9047,941.39,51.59,27.98,0.62,0.0
2023-08-20 11:00:00,1.97946,992.17,55.14,28.85,0.76,0.0
2023-08-20 12:00:00,1.9670699999999999,986.93,54.34,29.32,0.76,0.0
2023-08-20 13:00:00,1.82508,902.01,49.46,29.71,0.62,0.0
2023-08-20 14:00:00,1.5850799999999998,763.06,41.79,30.03,0.48,0.0
2023-08-20 15:00:00,1.21842,571.56,32.56,30.09,0.28,0.0
2023-08-20 16:00:00,0.6987899999999999,335.39,22.59,29.81,0.28,0.0
2023-08-20 17:00:00,0.17964,117.91,12.4,28.55,0.41,0.0
2023-08-20 18:00:00,0.00321,8.67,2.39,27.76,0.48,0.0
2023-08-20 19:00:00,0.0,0.0,0.0,28.98,0.28,0.0
2023-08-20 20:00:00,0.0,0.0,0.0,27.99,0.34,0.0
2023-08-20 21:00:00,0.0,0.0,0.0,27.1,0.41,0.0
2023-08-20 22:00:00,0.0,0.0,0.0,26.29,0.34,0.0
2023-08-20 23:00:00,0.0,0.0,0.0,25.68,0.41,0.0
2023-08-21 00:00:00,0.0,0.0,0.0,24.79,0.48,0.0
2023-08-21 01:00:00,0.0,0.0,0.0,23.53,0.76,0.0
2023-08-21 02:00:00,0.0,0.0,0.0,21.45,1.03,0.0
2023-08-21 03:00:00,0.0,0.0,0.0,20.65,1.17,0.0
2023-08-21 04:00:00,0.0,0.0,0.0,20.11,1.24,0.0
2023-08-21 05:00:00,0.04251,30.33,5.7,19.68,1.31,0.0
2023-08-21 06:00:00,0.32898,176.16,15.83,20.69,0.97,0.0
2023-08-21 07:00:00,0.86298,395.62,25.98,24.76,0.07,0.0
2023-08-21 08:00:00,1.3326,614.33,35.74,26.21,0.34,0.0
2023-08-21 09:00:00,1.6836300000000002,803.91,44.5,27.15,0.55,0.0
2023-08-21 10:00:00,1.89696,935.17,51.3,28.11,0.69,0.0
2023-08-21 11:00:00,1.974,991.83,54.82,28.69,0.62,0.0
2023-08-21 12:00:00,1.94295,980.57,54.01,29.35,0.48,0.0
2023-08-21 13:00:00,1.81521,895.6,49.13,29.68,0.62,0.0
2023-08-21 14:00:00,1.58397,756.71,41.48,29.88,0.76,0.0
2023-08-21 15:00:00,1.20273,558.04,32.27,29.73,0.76,0.0
2023-08-21 16:00:00,0.67728,323.1,22.31,29.27,0.62,0.0
2023-08-21 17:00:00,0.17697,108.43,12.12,28.19,0.69,0.0
2023-08-21 18:00:00,0.00216,7.8,2.1,26.9,0.9,0.0
2023-08-21 19:00:00,0.0,0.0,0.0,28.13,0.41,0.0
2023-08-21 20:00:00,0.0,0.0,0.0,27.4,0.55,0.0
2023-08-21 21:00:00,0.0,0.0,0.0,26.61,0.76,0.0
2023-08-21 22:00:00,0.0,0.0,0.0,25.98,0.76,0.0
2023-08-21 23:00:00,0.0,0.0,0.0,25.47,0.69,0.0
2023-08-22 00:00:00,0.0,0.0,0.0,25.01,0.62,0.0
2023-08-22 01:00:00,0.0,0.0,0.0,24.62,0.76,0.0
2023-08-22 02:00:00,0.0,0.0,0.0,24.34,0.9,0.0
2023-08-22 03:00:00,0.0,0.0,0.0,24.1,0.97,0.0
2023-08-22 04:00:00,0.0,0.0,0.0,23.94,0.97,0.0
2023-08-22 05:00:00,0.03825,28.6,5.5,22.91,1.03,0.0
2023-08-22 06:00:00,0.32304,173.91,15.63,21.95,0.97,0.0
2023-08-22 07:00:00,0.86541,396.31,25.79,24.97,0.28,0.0
2023-08-22 08:00:00,1.32603,615.74,35.53,26.92,0.14,0.0
2023-08-22 09:00:00,1.67727,812.07,44.26,28.0,0.21,0.0
2023-08-22 10:00:00,1.8671099999999998,932.74,51.02,29.05,0.34,0.0
2023-08-22 11:00:00,1.9536300000000002,989.35,54.5,29.92,0.55,0.0
2023-08-22 12:00:00,1.9506,983.88,53.67,30.48,0.76,0.0
2023-08-22 13:00:00,1.81287,892.87,48.81,30.66,0.9,0.0
2023-08-22 14:00:00,1.02495,472.14,41.17,30.66,0.9,0.0
2023-08-22 15:00:00,1.17714,544.99,31.98,30.66,1.17,0.0
2023-08-22 16:00:00,0.66477,317.84,22.03,29.75,0.69,0.0
2023-08-22 17:00:00,0.16998,105.76,11.84,29.5,0.48,0.0
2023-08-22 18:00:00,0.0,5.2,1.81,29.27,0.48,0.0
2023-08-22 19:00:00,0.0,0.0,0.0,29.14,0.76,0.0
2023-08-22 20:00:00,0.0,0.0,0.0,28.2,0.62,0.0
2023-08-22 21:00:00,0.0,0.0,0.0,27.25,0.28,0.0
2023-08-22 22:00:00,0.0,0.0,0.0,26.5,0.28,0.0
2023-08-22 23:00:00,0.0,0.0,0.0,25.61,0.48,0.0
2023-08-23 00:00:00,0.0,0.0,0.0,24.75,0.69,0.0
2023-08-23 01:00:00,0.0,0.0,0.0,24.08,0.76,0.0
2023-08-23 02:00:00,0.0,0.0,0.0,23.61,0.76,0.0
2023-08-23 03:00:00,0.0,0.0,0.0,23.06,0.76,0.0
2023-08-23 04:00:00,0.0,0.0,0.0,22.71,0.76,0.0
2023-08-23 05:00:00,0.038700000000000005,28.6,5.3,20.72,0.9,0.0
2023-08-23 06:00:00,0.31911,168.71,15.44,20.74,0.83,0.0
2023-08-23 07:00:00,0.85017,387.92,25.58,23.89,0.0,0.0
2023-08-23 08:00:00,1.31073,603.48,35.31,25.41,0.07,0.0
2023-08-23 09:00:00,1.66407,795.9,44.01,26.64,0.28,0.0
2023-08-23 10:00:00,1.87977,927.07,50.73,27.88,0.55,0.0
2023-08-23 11:00:00,1.962,982.14,54.17,28.75,0.69,0.0
2023-08-23 12:00:00,1.95057,970.67,53.33,29.45,0.97,0.0
2023-08-23 13:00:00,1.80894,879.62,48.48,29.59,1.1,0.0
2023-08-23 14:00:00,1.5594000000000001,736.13,40.86,29.74,1.17,0.0
2023-08-23 15:00:00,1.1753699999999998,542.14,31.68,29.49,0.97,0.0
2023-08-23 16:00:00,0.64389,306.97,21.74,29.31,0.69,0.0
2023-08-23 17:00:00,0.1653,99.36,11.55,28.39,0.76,0.0
2023-08-23 18:00:00,0.0,4.33,1.52,27.09,0.83,0.0
2023-08-23 19:00:00,0.0,0.0,0.0,27.98,0.48,0.0
2023-08-23 20:00:00,0.0,0.0,0.0,27.12,0.62,0.0
2023-08-23 21:00:00,0.0,0.0,0.0,26.03,0.76,0.0
2023-08-23 22:00:00,0.0,0.0,0.0,24.66,1.03,0.0
2023-08-23 23:00:00,0.0,0.0,0.0,23.82,1.24,0.0
2023-08-24 00:00:00,0.0,0.0,0.0,21.89,1.38,0.0
2023-08-24 01:00:00,0.0,0.0,0.0,20.45,1.52,0.0
2023-08-24 02:00:00,0.0,0.0,0.0,20.15,1.45,0.0
2023-08-24 03:00:00,0.0,0.0,0.0,20.38,1.31,0.0
2023-08-24 04:00:00,0.0,0.0,0.0,20.37,1.1,0.0
2023-08-24 05:00:00,0.03357,26.0,5.1,20.25,1.03,0.0
2023-08-24 06:00:00,0.31056,161.68,15.24,20.8,1.03,0.0
2023-08-24 07:00:00,0.77067,349.69,25.38,23.98,0.21,0.0
2023-08-24 08:00:00,1.30653,598.62,35.09,26.11,0.55,0.0
2023-08-24 09:00:00,1.64991,790.66,43.76,27.73,0.41,0.0
2023-08-24 10:00:00,1.83081,918.97,50.43,29.43,0.14,0.0
2023-08-24 11:00:00,1.9091099999999999,981.19,53.84,31.15,0.21,0.0
2023-08-24 12:00:00,1.8858,974.77,52.98,32.55,0.21,0.0
2023-08-24 13:00:00,1.7709000000000001,889.62,48.14,33.56,0.69,0.0
2023-08-24 14:00:00,1.5270299999999999,739.77,40.55,33.83,0.97,0.0
2023-08-24 15:00:00,1.11315,522.16,31.38,33.78,1.24,0.0
2023-08-24 16:00:00,0.40335000000000004,194.48,21.45,32.32,2.28,0.0
2023-08-24 17:00:00,0.012,14.76,11.26,29.3,1.79,0.0
2023-08-24 18:00:00,0.0,1.73,1.22,27.25,1.79,0.0
2023-08-24 19:00:00,0.0,0.0,0.0,28.24,0.48,0.0
2023-08-24 20:00:00,0.0,0.0,0.0,27.22,0.62,0.0
2023-08-24 21:00:00,0.0,0.0,0.0,26.36,0.41,0.0
2023-08-24 22:00:00,0.0,0.0,0.0,25.8,0.34,0.0
2023-08-24 23:00:00,0.0,0.0,0.0,23.1,1.31,0.0
2023-08-25 00:00:00,0.0,0.0,0.0,20.95,1.66,0.0
2023-08-25 01:00:00,0.0,0.0,0.0,20.08,1.59,0.0
2023-08-25 02:00:00,0.0,0.0,0.0,20.14,1.59,0.0
2023-08-25 03:00:00,0.0,0.0,0.0,19.9,1.72,0.0
2023-08-25 04:00:00,0.0,0.0,0.0,19.6,2.0,0.0
2023-08-25 05:00:00,0.01728,17.33,4.9,19.46,2.07,0.0
2023-08-25 06:00:00,0.27825,140.57,15.04,20.26,1.72,0.0
2023-08-25 07:00:00,0.53667,241.19,25.18,22.52,1.31,0.0
2023-08-25 08:00:00,1.2371400000000001,559.82,34.87,24.88,0.62,0.0
2023-08-25 09:00:00,1.28139,582.86,43.5,26.75,1.24,0.0
2023-08-25 10:00:00,0.38826,181.68,50.14,26.59,0.9,0.0
2023-08-25 11:00:00,0.30723,147.55,53.5,27.21,1.17,0.0
2023-08-25 12:00:00,1.6959600000000001,792.8,52.63,27.21,1.86,0.0
2023-08-25 13:00:00,1.6925999999999999,792.5,47.8,27.5,1.72,0.0
2023-08-25 14:00:00,1.0334400000000001,465.87,40.23,28.08,1.66,0.0
2023-08-25 15:00:00,1.17399,537.55,31.08,27.8,0.83,0.0
2023-08-25 16:00:00,0.10302,59.94,21.15,28.56,0.28,0.0
2023-08-25 17:00:00,0.15425999999999998,103.78,10.96,28.03,1.31,0.0
2023-08-25 18:00:00,0.0,0.0,0.0,25.61,1.52,0.0
2023-08-25 19:00:00,0.0,0.0,0.0,24.06,0.97,0.0
2023-08-25 20:00:00,0.0,0.0,0.0,24.71,0.62,0.0
2023-08-25 21:00:00,0.0,0.0,0.0,23.05,1.03,0.0
2023-08-25 22:00:00,0.0,0.0,0.0,22.6,1.03,0.0
2023-08-25 23:00:00,0.0,0.0,0.0,22.53,0.69,0.0
2023-08-26 00:00:00,0.0,0.0,0.0,22.09,0.21,0.0
2023-08-26 01:00:00,0.0,0.0,0.0,19.89,0.9,0.0
2023-08-26 02:00:00,0.0,0.0,0.0,18.29,1.1,0.0
2023-08-26 03:00:00,0.0,0.0,0.0,17.99,1.17,0.0
2023-08-26 04:00:00,0.0,0.0,0.0,17.64,1.17,0.0
2023-08-26 05:00:00,0.02889,23.4,4.69,17.73,1.1,0.0
2023-08-26 06:00:00,0.10875,59.94,14.84,18.43,1.17,0.0
2023-08-26 07:00:00,0.36495,165.9,24.97,18.94,1.38,0.0
2023-08-26 08:00:00,0.19391999999999998,95.91,34.65,19.21,1.45,0.0
2023-08-26 09:00:00,0.25167,119.89,43.25,19.77,1.66,0.0
2023-08-26 10:00:00,0.23196,111.59,49.84,19.42,1.86,0.0
2023-08-26 11:00:00,0.14535,75.62,53.16,19.09,1.72,0.0
2023-08-26 12:00:00,0.17895,89.45,52.28,18.52,1.45,0.0
2023-08-26 13:00:00,0.11112000000000001,60.87,47.46,18.09,1.45,0.0
2023-08-26 14:00:00,0.23337,111.59,39.9,17.82,1.03,0.0
2023-08-26 15:00:00,0.19716,96.83,30.77,17.82,0.62,0.0
2023-08-26 16:00:00,0.49901999999999996,224.78,20.85,17.88,0.48,0.0
2023-08-26 17:00:00,0.1326,73.1,10.66,17.87,0.76,0.0
2023-08-26 18:00:00,0.0,0.0,0.0,17.67,0.83,0.0
2023-08-26 19:00:00,0.0,0.0,0.0,17.06,1.03,0.0
2023-08-26 20:00:00,0.0,0.0,0.0,17.17,1.03,0.0
2023-08-26 21:00:00,0.0,0.0,0.0,16.77,1.17,0.0
2023-08-26 22:00:00,0.0,0.0,0.0,16.63,1.17,0.0
2023-08-26 23:00:00,0.0,0.0,0.0,16.44,1.03,0.0
2023-08-27 00:00:00,0.0,0.0,0.0,16.0,1.1,0.0
2023-08-27 01:00:00,0.0,0.0,0.0,16.12,1.03,0.0
2023-08-27 02:00:00,0.0,0.0,0.0,16.13,1.17,0.0
2023-08-27 03:00:00,0.0,0.0,0.0,16.09,1.17,0.0
2023-08-27 04:00:00,0.0,0.0,0.0,16.07,1.17,0.0
2023-08-27 05:00:00,0.0,5.2,4.49,15.99,1.45,0.0
2023-08-27 06:00:00,0.04566,31.36,14.64,15.61,2.07,0.0
2023-08-27 07:00:00,0.13203,69.17,24.77,15.81,0.62,0.0
2023-08-27 08:00:00,0.47766000000000003,210.55,34.42,17.42,0.9,0.0
2023-08-27 09:00:00,0.95463,408.95,42.99,17.05,1.1,0.0
2023-08-27 10:00:00,0.43569,192.74,49.54,16.5,1.03,0.0
2023-08-27 11:00:00,0.72963,314.03,52.82,16.47,0.83,0.0
2023-08-27 12:00:00,0.43295999999999996,192.74,51.92,17.73,0.97,0.0
2023-08-27 13:00:00,0.26631,124.5,47.11,16.91,1.1,0.0
2023-08-27 14:00:00,0.10782,59.02,39.58,16.33,1.52,0.0
2023-08-27 15:00:00,0.21578999999999998,103.29,30.46,15.35,1.17,0.0
2023-08-27 16:00:00,0.2235,106.43,20.55,14.97,0.83,0.0
2023-08-27 17:00:00,0.03804,27.67,10.36,14.91,0.83,0.0
2023-08-27 18:00:00,0.0,0.0,0.0,14.71,0.69,0.0
2023-08-27 19:00:00,0.0,0.0,0.0,14.42,0.69,0.0
2023-08-27 20:00:00,0.0,0.0,0.0,14.78,0.34,0.0
2023-08-27 21:00:00,0.0,0.0,0.0,14.97,0.28,0.0
2023-08-27 22:00:00,0.0,0.0,0.0,13.57,0.97,0.0
2023-08-27 23:00:00,0.0,0.0,0.0,13.39,1.03,0.0
2023-08-28 00:00:00,0.0,0.0,0.0,13.27,1.17,0.0
2023-08-28 01:00:00,0.0,0.0,0.0,13.15,1.31,0.0
2023-08-28 02:00:00,0.0,0.0,0.0,12.95,1.38,0.0
2023-08-28 03:00:00,0.0,0.0,0.0,12.86,1.38,0.0
2023-08-28 04:00:00,0.0,0.0,0.0,12.79,1.66,0.0
2023-08-28 05:00:00,0.0,3.47,4.28,12.79,1.38,0.0
2023-08-28 06:00:00,0.0585,36.89,14.44,12.73,1.79,0.0
2023-08-28 07:00:00,0.09258,51.64,24.56,12.21,1.72,0.0
2023-08-28 08:00:00,0.13241999999999998,68.24,34.19,12.17,1.66,0.0
2023-08-28 09:00:00,0.38744999999999996,169.69,42.73,12.36,1.79,0.0
2023-08-28 10:00:00,0.21681,102.37,49.24,12.48,1.79,0.0
2023-08-28 11:00:00,0.21722999999999998,102.37,52.48,12.13,1.86,0.0
2023-08-28 12:00:00,0.57828,244.87,51.56,12.08,2.0,0.0
2023-08-28 13:00:00,0.3429,152.16,46.77,12.37,1.72,0.0
2023-08-28 14:00:00,0.1212,63.63,39.25,12.25,1.79,0.0
2023-08-28 15:00:00,0.18966,91.3,30.14,11.87,1.72,0.0
2023-08-28 16:00:00,0.0714,42.42,20.24,11.57,1.72,0.0
2023-08-28 17:00:00,0.06306,38.73,10.06,11.35,1.59,0.0
2023-08-28 18:00:00,0.0,0.0,0.0,11.11,1.52,0.0
2023-08-28 19:00:00,0.0,0.0,0.0,11.18,1.17,0.0
2023-08-28 20:00:00,0.0,0.0,0.0,11.13,1.03,0.0
2023-08-28 21:00:00,0.0,0.0,0.0,11.07,0.97,0.0
2023-08-28 22:00:00,0.0,0.0,0.0,11.06,0.97,0.0
2023-08-28 23:00:00,0.0,0.0,0.0,11.09,1.03,0.0
2023-08-29 00:00:00,0.0,0.0,0.0,11.13,1.17,0.0
2023-08-29 01:00:00,0.0,0.0,0.0,10.88,1.1,0.0
2023-08-29 02:00:00,0.0,0.0,0.0,10.75,0.9,0.0
2023-08-29 03:00:00,0.0,0.0,0.0,10.69,0.83,0.0
2023-08-29 04:00:00,0.0,0.0,0.0,10.59,0.83,0.0
2023-08-29 05:00:00,0.0,2.6,4.07,10.48,0.9,0.0
2023-08-29 06:00:00,0.10638,57.18,14.24,10.74,0.83,0.0
2023-08-29 07:00:00,0.56217,238.86,24.35,10.63,1.03,0.0
2023-08-29 08:00:00,0.25554,117.12,33.97,10.83,0.97,0.0
2023-08-29 09:00:00,0.23379,108.82,42.47,11.49,1.03,0.0
2023-08-29 10:00:00,0.2823,128.19,48.93,11.8,0.97,0.0
2023-08-29 11:00:00,0.684,288.93,52.13,12.39,1.1,0.0
2023-08-29 12:00:00,0.37605,166.0,51.2,12.91,0.97,0.0
2023-08-29 13:00:00,0.52461,225.49,46.41,13.12,0.97,0.0
2023-08-29 14:00:00,0.6494099999999999,275.53,38.91,13.2,0.97,0.0
2023-08-29 15:00:00,0.30801,139.25,29.82,13.31,0.9,0.0
2023-08-29 16:00:00,0.26115,121.0,19.93,13.4,0.83,0.0
2023-08-29 17:00:00,0.08205,47.67,9.75,13.2,0.76,0.0
2023-08-29 18:00:00,0.0,0.0,0.0,12.6,0.62,0.0
2023-08-29 19:00:00,0.0,0.0,0.0,12.35,0.41,0.0
2023-08-29 20:00:00,0.0,0.0,0.0,11.95,0.62,0.0
2023-08-29 21:00:00,0.0,0.0,0.0,12.08,0.69,0.0
2023-08-29 22:00:00,0.0,0.0,0.0,12.34,0.69,0.0
2023-08-29 23:00:00,0.0,0.0,0.0,12.69,0.62,0.0
2023-08-30 00:00:00,0.0,0.0,0.0,12.71,0.48,0.0
2023-08-30 01:00:00,0.0,0.0,0.0,12.7,0.14,0.0
2023-08-30 02:00:00,0.0,0.0,0.0,12.49,0.28,0.0
2023-08-30 03:00:00,0.0,0.0,0.0,12.36,0.55,0.0
2023-08-30 04:00:00,0.0,0.0,0.0,12.17,0.62,0.0
2023-08-30 05:00:00,0.02298,19.93,3.87,12.06,0.62,0.0
2023-08-30 06:00:00,0.29073000000000004,142.72,14.03,11.73,0.69,0.0
2023-08-30 07:00:00,0.85335,365.85,24.14,12.87,0.48,0.0
2023-08-30 08:00:00,1.24797,533.38,33.73,13.88,0.55,0.0
2023-08-30 09:00:00,1.66458,733.63,42.21,14.67,0.76,0.0
2023-08-30 10:00:00,1.7826300000000002,796.35,48.62,15.12,0.9,0.0
2023-08-30 11:00:00,1.83459,826.22,51.79,15.62,0.97,0.0
2023-08-30 12:00:00,1.6071600000000001,711.75,50.84,16.14,0.9,0.0
2023-08-30 13:00:00,1.02597,440.63,46.06,16.59,0.83,0.0
2023-08-30 14:00:00,1.13055,485.94,38.58,17.22,1.1,0.0
2023-08-30 15:00:00,1.0707,459.89,29.5,17.53,1.38,0.0
2023-08-30 16:00:00,0.24048,114.36,19.61,17.21,1.45,0.0
2023-08-30 17:00:00,0.08559,50.16,9.43,16.7,1.45,0.0
2023-08-30 18:00:00,0.0,0.0,0.0,15.59,1.38,0.0
2023-08-30 19:00:00,0.0,0.0,0.0,14.34,1.17,0.0
2023-08-30 20:00:00,0.0,0.0,0.0,13.96,1.17,0.0
2023-08-30 21:00:00,0.0,0.0,0.0,13.51,1.17,0.0
2023-08-30 22:00:00,0.0,0.0,0.0,13.01,1.24,0.0
2023-08-30 23:00:00,0.0,0.0,0.0,13.49,1.17,0.0
2023-08-31 00:00:00,0.0,0.0,0.0,13.93,1.1,0.0
2023-08-31 01:00:00,0.0,0.0,0.0,13.55,1.1,0.0
2023-08-31 02:00:00,0.0,0.0,0.0,13.6,0.97,0.0
2023-08-31 03:00:00,0.0,0.0,0.0,13.15,0.97,0.0
2023-08-31 04:00:00,0.0,0.0,0.0,12.9,0.9,0.0
2023-08-31 05:00:00,0.0,2.6,3.66,13.01,0.83,0.0
2023-08-31 06:00:00,0.10751999999999999,58.1,13.83,12.73,0.83,0.0
2023-08-31 07:00:00,0.27396,126.0,23.92,13.5,0.41,0.0
2023-08-31 08:00:00,1.0987799999999999,464.05,33.5,14.29,1.24,0.0
2023-08-31 09:00:00,0.5667000000000001,244.5,41.94,15.19,1.03,0.0
2023-08-31 10:00:00,0.5923200000000001,255.61,48.31,15.72,1.1,0.0
2023-08-31 11:00:00,1.01874,434.68,51.43,16.19,1.45,0.0
2023-08-31 12:00:00,0.44037,194.59,50.47,16.9,1.59,0.0
2023-08-31 13:00:00,0.72936,313.44,45.7,17.4,1.59,0.0
2023-08-31 14:00:00,0.80364,344.12,38.24,17.83,1.72,0.0
2023-08-31 15:00:00,0.17277,86.69,29.18,18.02,1.66,0.0
2023-08-31 16:00:00,0.5314500000000001,239.38,19.3,17.46,1.1,0.0
2023-08-31 17:00:00,0.07224,44.0,9.12,16.67,0.48,0.0
2023-08-31 18:00:00,0.0,0.0,0.0,15.87,0.83,0.0
2023-08-31 19:00:00,0.0,0.0,0.0,16.22,0.83,0.0
2023-08-31 20:00:00,0.0,0.0,0.0,17.22,0.48,0.0
2023-08-31 21:00:00,0.0,0.0,0.0,17.23,0.55,0.0
2023-08-31 22:00:00,0.0,0.0,0.0,16.93,0.9,0.0
2023-08-31 23:00:00,0.0,0.0,0.0,16.35,1.03,0.0
