timestamp,price_EUR_MWh
2023-08-01T00:00+02:00,71.65
2023-08-01T01:00+02:00,69.1
2023-08-01T02:00+02:00,66.82
2023-08-01T03:00+02:00,64.06
2023-08-01T04:00+02:00,64.07
2023-08-01T05:00+02:00,69.01
2023-08-01T06:00+02:00,79.85
2023-08-01T07:00+02:00,88.7
2023-08-01T08:00+02:00,89.11
2023-08-01T09:00+02:00,87.54
2023-08-01T10:00+02:00,85.22
2023-08-01T11:00+02:00,80.33
2023-08-01T12:00+02:00,75.48
2023-08-01T13:00+02:00,71.62
2023-08-01T14:00+02:00,68.87
2023-08-01T15:00+02:00,67.36
2023-08-01T16:00+02:00,68.46
2023-08-01T17:00+02:00,72.05
2023-08-01T18:00+02:00,85.45
2023-08-01T19:00+02:00,98.05
2023-08-01T20:00+02:00,102.08
2023-08-01T21:00+02:00,102.5
2023-08-01T22:00+02:00,99.31
2023-08-01T23:00+02:00,94.18
2023-08-02T00:00+02:00,75.26
2023-08-02T01:00+02:00,68.83
2023-08-02T02:00+02:00,66.53
2023-08-02T03:00+02:00,67.12
2023-08-02T04:00+02:00,68.34
2023-08-02T05:00+02:00,74.34
2023-08-02T06:00+02:00,91.24
2023-08-02T07:00+02:00,91.92
2023-08-02T08:00+02:00,92.68
2023-08-02T09:00+02:00,87.36
2023-08-02T10:00+02:00,84.36
2023-08-02T11:00+02:00,77.34
2023-08-02T12:00+02:00,66.56
2023-08-02T13:00+02:00,64.21
2023-08-02T14:00+02:00,59.48
2023-08-02T15:00+02:00,62.07
2023-08-02T16:00+02:00,62.28
2023-08-02T17:00+02:00,65.96
2023-08-02T18:00+02:00,75.05
2023-08-02T19:00+02:00,78.28
2023-08-02T20:00+02:00,83.13
2023-08-02T21:00+02:00,79.47
2023-08-02T22:00+02:00,73.91
2023-08-02T23:00+02:00,65.19
2023-08-03T00:00+02:00,42.1
2023-08-03T01:00+02:00,35.44
2023-08-03T02:00+02:00,25.03
2023-08-03T03:00+02:00,58.2
2023-08-03T04:00+02:00,57.74
2023-08-03T05:00+02:00,59.07
2023-08-03T06:00+02:00,62.05
2023-08-03T07:00+02:00,63.7
2023-08-03T08:00+02:00,61.79
2023-08-03T09:00+02:00,54.26
2023-08-03T10:00+02:00,57.98
2023-08-03T11:00+02:00,57.94
2023-08-03T12:00+02:00,52.77
2023-08-03T13:00+02:00,50.81
2023-08-03T14:00+02:00,50.04
2023-08-03T15:00+02:00,52.23
2023-08-03T16:00+02:00,57.93
2023-08-03T17:00+02:00,62.09
2023-08-03T18:00+02:00,70.78
2023-08-03T19:00+02:00,85.01
2023-08-03T20:00+02:00,90.32
2023-08-03T21:00+02:00,90.03
2023-08-03T22:00+02:00,88.38
2023-08-03T23:00+02:00,83.27
2023-08-04T00:00+02:00,83.31
2023-08-04T01:00+02:00,74.96
2023-08-04T02:00+02:00,71.26
2023-08-04T03:00+02:00,69.81
2023-08-04T04:00+02:00,70.14
2023-08-04T05:00+02:00,80.41
2023-08-04T06:00+02:00,89.54
2023-08-04T07:00+02:00,92.68
2023-08-04T08:00+02:00,96.35
2023-08-04T09:00+02:00,94.12
2023-08-04T10:00+02:00,86.91
2023-08-04T11:00+02:00,83.83
2023-08-04T12:00+02:00,80.45
2023-08-04T13:00+02:00,75.42
2023-08-04T14:00+02:00,70.09
2023-08-04T15:00+02:00,70.34
2023-08-04T16:00+02:00,73.93
2023-08-04T17:00+02:00,85.03
2023-08-04T18:00+02:00,94.11
2023-08-04T19:00+02:00,99.61
2023-08-04T20:00+02:00,104.01
2023-08-04T21:00+02:00,108.27
2023-08-04T22:00+02:00,103.32
2023-08-04T23:00+02:00,97.42
2023-08-05T00:00+02:00,93.98
2023-08-05T01:00+02:00,89.75
2023-08-05T02:00+02:00,86.18
2023-08-05T03:00+02:00,82.61
2023-08-05T04:00+02:00,81.92
2023-08-05T05:00+02:00,82.52
2023-08-05T06:00+02:00,87.94
2023-08-05T07:00+02:00,87.21
2023-08-05T08:00+02:00,86.99
2023-08-05T09:00+02:00,82.96
2023-08-05T10:00+02:00,74.75
2023-08-05T11:00+02:00,67.39
2023-08-05T12:00+02:00,60.25
2023-08-05T13:00+02:00,47.21
2023-08-05T14:00+02:00,45.33
2023-08-05T15:00+02:00,53.38
2023-08-05T16:00+02:00,68.74
2023-08-05T17:00+02:00,84.5
2023-08-05T18:00+02:00,92.04
2023-08-05T19:00+02:00,93.87
2023-08-05T20:00+02:00,93.42
2023-08-05T21:00+02:00,92.95
2023-08-05T22:00+02:00,92.98
2023-08-05T23:00+02:00,88.04
2023-08-06T00:00+02:00,80.44
2023-08-06T01:00+02:00,75.52
2023-08-06T02:00+02:00,74.05
2023-08-06T03:00+02:00,70.95
2023-08-06T04:00+02:00,67.79
2023-08-06T05:00+02:00,69.9
2023-08-06T06:00+02:00,69.32
2023-08-06T07:00+02:00,63.06
2023-08-06T08:00+02:00,52.23
2023-08-06T09:00+02:00,42.44
2023-08-06T10:00+02:00,24.47
2023-08-06T11:00+02:00,26.98
2023-08-06T12:00+02:00,24.37
2023-08-06T13:00+02:00,9.43
2023-08-06T14:00+02:00,5.99
2023-08-06T15:00+02:00,7.06
2023-08-06T16:00+02:00,12.14
2023-08-06T17:00+02:00,36.67
2023-08-06T18:00+02:00,64.39
2023-08-06T19:00+02:00,78.28
2023-08-06T20:00+02:00,88.07
2023-08-06T21:00+02:00,86.76
2023-08-06T22:00+02:00,77.55
2023-08-06T23:00+02:00,67.71
2023-08-07T00:00+02:00,61.51
2023-08-07T01:00+02:00,58.84
2023-08-07T02:00+02:00,51.69
2023-08-07T03:00+02:00,57.08
2023-08-07T04:00+02:00,59.03
2023-08-07T05:00+02:00,57.31
2023-08-07T06:00+02:00,67
2023-08-07T07:00+02:00,78.28
2023-08-07T08:00+02:00,78.81
2023-08-07T09:00+02:00,78.42
2023-08-07T10:00+02:00,72.08
2023-08-07T11:00+02:00,68.26
2023-08-07T12:00+02:00,59.09
2023-08-07T13:00+02:00,51.66
2023-08-07T14:00+02:00,59.82
2023-08-07T15:00+02:00,62.36
2023-08-07T16:00+02:00,74.38
2023-08-07T17:00+02:00,76.9
2023-08-07T18:00+02:00,78.49
2023-08-07T19:00+02:00,78.88
2023-08-07T20:00+02:00,79.76
2023-08-07T21:00+02:00,79.58
2023-08-07T22:00+02:00,79.98
2023-08-07T23:00+02:00,80.96
2023-08-08T00:00+02:00,77.81
2023-08-08T01:00+02:00,73.34
2023-08-08T02:00+02:00,68.89
2023-08-08T03:00+02:00,59.1
2023-08-08T04:00+02:00,59.09
2023-08-08T05:00+02:00,63.14
2023-08-08T06:00+02:00,75.44
2023-08-08T07:00+02:00,79.18
2023-08-08T08:00+02:00,79.67
2023-08-08T09:00+02:00,81.07
2023-08-08T10:00+02:00,76.03
2023-08-08T11:00+02:00,73.58
2023-08-08T12:00+02:00,71.63
2023-08-08T13:00+02:00,64.66
2023-08-08T14:00+02:00,58.82
2023-08-08T15:00+02:00,62.65
2023-08-08T16:00+02:00,62.09
2023-08-08T17:00+02:00,69.32
2023-08-08T18:00+02:00,77.28
2023-08-08T19:00+02:00,87.77
2023-08-08T20:00+02:00,94.09
2023-08-08T21:00+02:00,92.23
2023-08-08T22:00+02:00,82.98
2023-08-08T23:00+02:00,80.26
2023-08-09T00:00+02:00,71.22
2023-08-09T01:00+02:00,71.98
2023-08-09T02:00+02:00,66.51
2023-08-09T03:00+02:00,66.61
2023-08-09T04:00+02:00,64.61
2023-08-09T05:00+02:00,72.7
2023-08-09T06:00+02:00,89.7
2023-08-09T07:00+02:00,97.85
2023-08-09T08:00+02:00,99.72
2023-08-09T09:00+02:00,89.27
2023-08-09T10:00+02:00,81.18
2023-08-09T11:00+02:00,77.01
2023-08-09T12:00+02:00,72.02
2023-08-09T13:00+02:00,64.93
2023-08-09T14:00+02:00,63
2023-08-09T15:00+02:00,63.94
2023-08-09T16:00+02:00,72.01
2023-08-09T17:00+02:00,82.01
2023-08-09T18:00+02:00,98.57
2023-08-09T19:00+02:00,119.22
2023-08-09T20:00+02:00,128.21
2023-08-09T21:00+02:00,128.95
2023-08-09T22:00+02:00,113.78
2023-08-09T23:00+02:00,97.24
2023-08-10T00:00+02:00,103.81
2023-08-10T01:00+02:00,94.95
2023-08-10T02:00+02:00,90.8
2023-08-10T03:00+02:00,87.54
2023-08-10T04:00+02:00,89.62
2023-08-10T05:00+02:00,95.99
2023-08-10T06:00+02:00,100.78
2023-08-10T07:00+02:00,110.54
2023-08-10T08:00+02:00,111.61
2023-08-10T09:00+02:00,98.68
2023-08-10T10:00+02:00,89.64
2023-08-10T11:00+02:00,82.04
2023-08-10T12:00+02:00,74.83
2023-08-10T13:00+02:00,72.02
2023-08-10T14:00+02:00,75.27
2023-08-10T15:00+02:00,73.94
2023-08-10T16:00+02:00,84.22
2023-08-10T17:00+02:00,96.07
2023-08-10T18:00+02:00,104.19
2023-08-10T19:00+02:00,112.88
2023-08-10T20:00+02:00,115.66
2023-08-10T21:00+02:00,114.01
2023-08-10T22:00+02:00,110.96
2023-08-10T23:00+02:00,103.05
2023-08-11T00:00+02:00,104
2023-08-11T01:00+02:00,98.68
2023-08-11T02:00+02:00,95.6
2023-08-11T03:00+02:00,93.4
2023-08-11T04:00+02:00,94.31
2023-08-11T05:00+02:00,99.2
2023-08-11T06:00+02:00,105.07
2023-08-11T07:00+02:00,112
2023-08-11T08:00+02:00,105.11
2023-08-11T09:00+02:00,95.9
2023-08-11T10:00+02:00,83.01
2023-08-11T11:00+02:00,75.43
2023-08-11T12:00+02:00,72.46
2023-08-11T13:00+02:00,74.92
2023-08-11T14:00+02:00,61.03
2023-08-11T15:00+02:00,74.44
2023-08-11T16:00+02:00,88.09
2023-08-11T17:00+02:00,100.44
2023-08-11T18:00+02:00,109.09
2023-08-11T19:00+02:00,120.54
2023-08-11T20:00+02:00,131.68
2023-08-11T21:00+02:00,125.08
2023-08-11T22:00+02:00,117.84
2023-08-11T23:00+02:00,104.09
2023-08-12T00:00+02:00,105.13
2023-08-12T01:00+02:00,99.01
2023-08-12T02:00+02:00,94.66
2023-08-12T03:00+02:00,90.37
2023-08-12T04:00+02:00,89.28
2023-08-12T05:00+02:00,91.06
2023-08-12T06:00+02:00,95.84
2023-08-12T07:00+02:00,93.15
2023-08-12T08:00+02:00,86.59
2023-08-12T09:00+02:00,83.26
2023-08-12T10:00+02:00,68.89
2023-08-12T11:00+02:00,47.7
2023-08-12T12:00+02:00,36.51
2023-08-12T13:00+02:00,14.94
2023-08-12T14:00+02:00,6.54
2023-08-12T15:00+02:00,7.13
2023-08-12T16:00+02:00,31.47
2023-08-12T17:00+02:00,65.41
2023-08-12T18:00+02:00,89.7
2023-08-12T19:00+02:00,104.68
2023-08-12T20:00+02:00,110.14
2023-08-12T21:00+02:00,109.37
2023-08-12T22:00+02:00,105.93
2023-08-12T23:00+02:00,99.98
2023-08-13T00:00+02:00,88.84
2023-08-13T01:00+02:00,86.75
2023-08-13T02:00+02:00,85.02
2023-08-13T03:00+02:00,81.51
2023-08-13T04:00+02:00,75.07
2023-08-13T05:00+02:00,74.69
2023-08-13T06:00+02:00,72.75
2023-08-13T07:00+02:00,66.85
2023-08-13T08:00+02:00,56.23
2023-08-13T09:00+02:00,33.04
2023-08-13T10:00+02:00,22.63
2023-08-13T11:00+02:00,9.54
2023-08-13T12:00+02:00,4.06
2023-08-13T13:00+02:00,2.28
2023-08-13T14:00+02:00,3.02
2023-08-13T15:00+02:00,7.36
2023-08-13T16:00+02:00,21.9
2023-08-13T17:00+02:00,68.15
2023-08-13T18:00+02:00,88.95
2023-08-13T19:00+02:00,105.91
2023-08-13T20:00+02:00,114.03
2023-08-13T21:00+02:00,115.45
2023-08-13T22:00+02:00,111.92
2023-08-13T23:00+02:00,103.07
2023-08-14T00:00+02:00,101.7
2023-08-14T01:00+02:00,94.85
2023-08-14T02:00+02:00,94.03
2023-08-14T03:00+02:00,90.5
2023-08-14T04:00+02:00,91.08
2023-08-14T05:00+02:00,102.5
2023-08-14T06:00+02:00,108.95
2023-08-14T07:00+02:00,109.93
2023-08-14T08:00+02:00,109.91
2023-08-14T09:00+02:00,104.98
2023-08-14T10:00+02:00,91.71
2023-08-14T11:00+02:00,83.19
2023-08-14T12:00+02:00,76.54
2023-08-14T13:00+02:00,70.23
2023-08-14T14:00+02:00,74.77
2023-08-14T15:00+02:00,77.29
2023-08-14T16:00+02:00,86.73
2023-08-14T17:00+02:00,101.37
2023-08-14T18:00+02:00,114.69
2023-08-14T19:00+02:00,116.77
2023-08-14T20:00+02:00,119.4
2023-08-14T21:00+02:00,125.39
2023-08-14T22:00+02:00,115.01
2023-08-14T23:00+02:00,107.09
2023-08-15T00:00+02:00,97.11
2023-08-15T01:00+02:00,91.81
2023-08-15T02:00+02:00,89.75
2023-08-15T03:00+02:00,87.92
2023-08-15T04:00+02:00,91.82
2023-08-15T05:00+02:00,96.19
2023-08-15T06:00+02:00,103.43
2023-08-15T07:00+02:00,103.55
2023-08-15T08:00+02:00,103.54
2023-08-15T09:00+02:00,89.4
2023-08-15T10:00+02:00,74.57
2023-08-15T11:00+02:00,66.88
2023-08-15T12:00+02:00,53.98
2023-08-15T13:00+02:00,36.18
2023-08-15T14:00+02:00,25.75
2023-08-15T15:00+02:00,42.62
2023-08-15T16:00+02:00,68.91
2023-08-15T17:00+02:00,90.4
2023-08-15T18:00+02:00,109.66
2023-08-15T19:00+02:00,114.04
2023-08-15T20:00+02:00,118.7
2023-08-15T21:00+02:00,119.74
2023-08-15T22:00+02:00,112.25
2023-08-15T23:00+02:00,103.72
2023-08-16T00:00+02:00,100.96
2023-08-16T01:00+02:00,95.93
2023-08-16T02:00+02:00,93.54
2023-08-16T03:00+02:00,92.89
2023-08-16T04:00+02:00,94.03
2023-08-16T05:00+02:00,105.13
2023-08-16T06:00+02:00,112.19
2023-08-16T07:00+02:00,118.94
2023-08-16T08:00+02:00,122.28
2023-08-16T09:00+02:00,113.03
2023-08-16T10:00+02:00,98.63
2023-08-16T11:00+02:00,93.25
2023-08-16T12:00+02:00,88.07
2023-08-16T13:00+02:00,86.7
2023-08-16T14:00+02:00,85.37
2023-08-16T15:00+02:00,87.7
2023-08-16T16:00+02:00,94.14
2023-08-16T17:00+02:00,108.39
2023-08-16T18:00+02:00,117.98
2023-08-16T19:00+02:00,133.74
2023-08-16T20:00+02:00,134.1
2023-08-16T21:00+02:00,131.5
2023-08-16T22:00+02:00,118.03
2023-08-16T23:00+02:00,107.55
2023-08-17T00:00+02:00,104.25
2023-08-17T01:00+02:00,96.7
2023-08-17T02:00+02:00,94.08
2023-08-17T03:00+02:00,92.07
2023-08-17T04:00+02:00,93.27
2023-08-17T05:00+02:00,98.08
2023-08-17T06:00+02:00,116.91
2023-08-17T07:00+02:00,123.76
2023-08-17T08:00+02:00,120.02
2023-08-17T09:00+02:00,112.8
2023-08-17T10:00+02:00,105.4
2023-08-17T11:00+02:00,99.72
2023-08-17T12:00+02:00,95.17
2023-08-17T13:00+02:00,94.02
2023-08-17T14:00+02:00,92.84
2023-08-17T15:00+02:00,95.09
2023-08-17T16:00+02:00,99.89
2023-08-17T17:00+02:00,112.99
2023-08-17T18:00+02:00,120.31
2023-08-17T19:00+02:00,128.9
2023-08-17T20:00+02:00,128.31
2023-08-17T21:00+02:00,122.98
2023-08-17T22:00+02:00,114.61
2023-08-17T23:00+02:00,100.5
2023-08-18T00:00+02:00,98.74
2023-08-18T01:00+02:00,95.42
2023-08-18T02:00+02:00,94.94
2023-08-18T03:00+02:00,93.19
2023-08-18T04:00+02:00,94.22
2023-08-18T05:00+02:00,98.51
2023-08-18T06:00+02:00,111.74
2023-08-18T07:00+02:00,112.85
2023-08-18T08:00+02:00,115.08
2023-08-18T09:00+02:00,104.45
2023-08-18T10:00+02:00,97.18
2023-08-18T11:00+02:00,90.2
2023-08-18T12:00+02:00,84.95
2023-08-18T13:00+02:00,80.93
2023-08-18T14:00+02:00,80.02
2023-08-18T15:00+02:00,88.25
2023-08-18T16:00+02:00,94.14
2023-08-18T17:00+02:00,104.26
2023-08-18T18:00+02:00,116.66
2023-08-18T19:00+02:00,118.25
2023-08-18T20:00+02:00,122
2023-08-18T21:00+02:00,119.91
2023-08-18T22:00+02:00,108.75
2023-08-18T23:00+02:00,98.8
2023-08-19T00:00+02:00,96.17
2023-08-19T01:00+02:00,92.79
2023-08-19T02:00+02:00,89.75
2023-08-19T03:00+02:00,88.39
2023-08-19T04:00+02:00,86.84
2023-08-19T05:00+02:00,87.99
2023-08-19T06:00+02:00,89.39
2023-08-19T07:00+02:00,91
2023-08-19T08:00+02:00,89.49
2023-08-19T09:00+02:00,82.91
2023-08-19T10:00+02:00,68.61
2023-08-19T11:00+02:00,51.26
2023-08-19T12:00+02:00,36.6
2023-08-19T13:00+02:00,23.44
2023-08-19T14:00+02:00,17.19
2023-08-19T15:00+02:00,24.51
2023-08-19T16:00+02:00,67.21
2023-08-19T17:00+02:00,90.64
2023-08-19T18:00+02:00,106.75
2023-08-19T19:00+02:00,116.08
2023-08-19T20:00+02:00,122.41
2023-08-19T21:00+02:00,123.28
2023-08-19T22:00+02:00,120.32
2023-08-19T23:00+02:00,112.81
2023-08-20T00:00+02:00,108.08
2023-08-20T01:00+02:00,101.5
2023-08-20T02:00+02:00,98.51
2023-08-20T03:00+02:00,96.58
2023-08-20T04:00+02:00,95.19
2023-08-20T05:00+02:00,95.51
2023-08-20T06:00+02:00,97.51
2023-08-20T07:00+02:00,97.91
2023-08-20T08:00+02:00,91.89
2023-08-20T09:00+02:00,77.92
2023-08-20T10:00+02:00,66.48
2023-08-20T11:00+02:00,33.81
2023-08-20T12:00+02:00,13.88
2023-08-20T13:00+02:00,6.57
2023-08-20T14:00+02:00,8.78
2023-08-20T15:00+02:00,19.96
2023-08-20T16:00+02:00,61.24
2023-08-20T17:00+02:00,92.31
2023-08-20T18:00+02:00,106.85
2023-08-20T19:00+02:00,120.33
2023-08-20T20:00+02:00,125.97
2023-08-20T21:00+02:00,125.07
2023-08-20T22:00+02:00,117.19
2023-08-20T23:00+02:00,114.47
2023-08-21T00:00+02:00,112.18
2023-08-21T01:00+02:00,103.43
2023-08-21T02:00+02:00,100.56
2023-08-21T03:00+02:00,98.77
2023-08-21T04:00+02:00,99.02
2023-08-21T05:00+02:00,106.27
2023-08-21T06:00+02:00,115.41
2023-08-21T07:00+02:00,123.52
2023-08-21T08:00+02:00,132.97
2023-08-21T09:00+02:00,121.69
2023-08-21T10:00+02:00,109.57
2023-08-21T11:00+02:00,99.03
2023-08-21T12:00+02:00,95.04
2023-08-21T13:00+02:00,93.81
2023-08-21T14:00+02:00,94.64
2023-08-21T15:00+02:00,97.58
2023-08-21T16:00+02:00,102.97
2023-08-21T17:00+02:00,115.65
2023-08-21T18:00+02:00,134.95
2023-08-21T19:00+02:00,153.97
2023-08-21T20:00+02:00,154.18
2023-08-21T21:00+02:00,149.5
2023-08-21T22:00+02:00,129.34
2023-08-21T23:00+02:00,116.51
2023-08-22T00:00+02:00,116.07
2023-08-22T01:00+02:00,106.85
2023-08-22T02:00+02:00,103.11
2023-08-22T03:00+02:00,102.07
2023-08-22T04:00+02:00,102.43
2023-08-22T05:00+02:00,110.28
2023-08-22T06:00+02:00,120.89
2023-08-22T07:00+02:00,123.15
2023-08-22T08:00+02:00,133.06
2023-08-22T09:00+02:00,118.96
2023-08-22T10:00+02:00,112.24
2023-08-22T11:00+02:00,105.06
2023-08-22T12:00+02:00,101.36
2023-08-22T13:00+02:00,100.21
2023-08-22T14:00+02:00,99.42
2023-08-22T15:00+02:00,102.09
2023-08-22T16:00+02:00,104.98
2023-08-22T17:00+02:00,117.01
2023-08-22T18:00+02:00,143.21
2023-08-22T19:00+02:00,171.52
2023-08-22T20:00+02:00,175.49
2023-08-22T21:00+02:00,162.4
2023-08-22T22:00+02:00,141.51
2023-08-22T23:00+02:00,126.71
2023-08-23T00:00+02:00,125.12
2023-08-23T01:00+02:00,113.97
2023-08-23T02:00+02:00,110.3
2023-08-23T03:00+02:00,108.8
2023-08-23T04:00+02:00,109.1
2023-08-23T05:00+02:00,114.68
2023-08-23T06:00+02:00,144.19
2023-08-23T07:00+02:00,164.64
2023-08-23T08:00+02:00,156.23
2023-08-23T09:00+02:00,134.01
2023-08-23T10:00+02:00,119.64
2023-08-23T11:00+02:00,113.01
2023-08-23T12:00+02:00,111.93
2023-08-23T13:00+02:00,108.18
2023-08-23T14:00+02:00,108.32
2023-08-23T15:00+02:00,112.54
2023-08-23T16:00+02:00,115.9
2023-08-23T17:00+02:00,130.06
2023-08-23T18:00+02:00,163.56
2023-08-23T19:00+02:00,210.61
2023-08-23T20:00+02:00,221.06
2023-08-23T21:00+02:00,184.53
2023-08-23T22:00+02:00,158.17
2023-08-23T23:00+02:00,134.69
2023-08-24T00:00+02:00,132.36
2023-08-24T01:00+02:00,120.86
2023-08-24T02:00+02:00,117.2
2023-08-24T03:00+02:00,114.18
2023-08-24T04:00+02:00,114.61
2023-08-24T05:00+02:00,118.98
2023-08-24T06:00+02:00,143.49
2023-08-24T07:00+02:00,159.83
2023-08-24T08:00+02:00,159.07
2023-08-24T09:00+02:00,138.95
2023-08-24T10:00+02:00,126.17
2023-08-24T11:00+02:00,120.22
2023-08-24T12:00+02:00,117.44
2023-08-24T13:00+02:00,115.72
2023-08-24T14:00+02:00,116.04
2023-08-24T15:00+02:00,120.65
2023-08-24T16:00+02:00,128.01
2023-08-24T17:00+02:00,155.24
2023-08-24T18:00+02:00,200.89
2023-08-24T19:00+02:00,242.63
2023-08-24T20:00+02:00,231.17
2023-08-24T21:00+02:00,188.79
2023-08-24T22:00+02:00,155.05
2023-08-24T23:00+02:00,132.64
2023-08-25T00:00+02:00,105.31
2023-08-25T01:00+02:00,102.09
2023-08-25T02:00+02:00,100.87
2023-08-25T03:00+02:00,99.85
2023-08-25T04:00+02:00,99.59
2023-08-25T05:00+02:00,105.27
2023-08-25T06:00+02:00,117.37
2023-08-25T07:00+02:00,137.01
2023-08-25T08:00+02:00,140.22
2023-08-25T09:00+02:00,125.63
2023-08-25T10:00+02:00,117.32
2023-08-25T11:00+02:00,110.79
2023-08-25T12:00+02:00,102.59
2023-08-25T13:00+02:00,101.37
2023-08-25T14:00+02:00,101.05
2023-08-25T15:00+02:00,102.37
2023-08-25T16:00+02:00,107.46
2023-08-25T17:00+02:00,122.02
2023-08-25T18:00+02:00,147.83
2023-08-25T19:00+02:00,160.98
2023-08-25T20:00+02:00,150.84
2023-08-25T21:00+02:00,140.1
2023-08-25T22:00+02:00,129.16
2023-08-25T23:00+02:00,114.51
2023-08-26T00:00+02:00,108.42
2023-08-26T01:00+02:00,101.93
2023-08-26T02:00+02:00,99.02
2023-08-26T03:00+02:00,96.22
2023-08-26T04:00+02:00,94.87
2023-08-26T05:00+02:00,95.48
2023-08-26T06:00+02:00,99.5
2023-08-26T07:00+02:00,100.18
2023-08-26T08:00+02:00,102.67
2023-08-26T09:00+02:00,97.3
2023-08-26T10:00+02:00,90.13
2023-08-26T11:00+02:00,90.18
2023-08-26T12:00+02:00,81.18
2023-08-26T13:00+02:00,81.02
2023-08-26T14:00+02:00,72.05
2023-08-26T15:00+02:00,89.69
2023-08-26T16:00+02:00,92.17
2023-08-26T17:00+02:00,102.09
2023-08-26T18:00+02:00,110.98
2023-08-26T19:00+02:00,118.9
2023-08-26T20:00+02:00,118.09
2023-08-26T21:00+02:00,118.35
2023-08-26T22:00+02:00,118.08
2023-08-26T23:00+02:00,105.97
2023-08-27T00:00+02:00,101.58
2023-08-27T01:00+02:00,95.26
2023-08-27T02:00+02:00,92.32
2023-08-27T03:00+02:00,92.2
2023-08-27T04:00+02:00,91.37
2023-08-27T05:00+02:00,95.3
2023-08-27T06:00+02:00,95.01
2023-08-27T07:00+02:00,97
2023-08-27T08:00+02:00,98.09
2023-08-27T09:00+02:00,91.22
2023-08-27T10:00+02:00,89.23
2023-08-27T11:00+02:00,86.52
2023-08-27T12:00+02:00,77.59
2023-08-27T13:00+02:00,69.69
2023-08-27T14:00+02:00,66.86
2023-08-27T15:00+02:00,75.01
2023-08-27T16:00+02:00,87.77
2023-08-27T17:00+02:00,102.67
2023-08-27T18:00+02:00,111.6
2023-08-27T19:00+02:00,117.76
2023-08-27T20:00+02:00,124.98
2023-08-27T21:00+02:00,124.57
2023-08-27T22:00+02:00,118.06
2023-08-27T23:00+02:00,102.59
2023-08-28T00:00+02:00,92.39
2023-08-28T01:00+02:00,87.13
2023-08-28T02:00+02:00,85.03
2023-08-28T03:00+02:00,84.76
2023-08-28T04:00+02:00,84.93
2023-08-28T05:00+02:00,92.36
2023-08-28T06:00+02:00,112.79
2023-08-28T07:00+02:00,129.26
2023-08-28T08:00+02:00,131.63
2023-08-28T09:00+02:00,125.04
2023-08-28T10:00+02:00,109.99
2023-08-28T11:00+02:00,107.27
2023-08-28T12:00+02:00,103.77
2023-08-28T13:00+02:00,102.16
2023-08-28T14:00+02:00,100.96
2023-08-28T15:00+02:00,105.65
2023-08-28T16:00+02:00,113.83
2023-08-28T17:00+02:00,130.51
2023-08-28T18:00+02:00,126.38
2023-08-28T19:00+02:00,128.35
2023-08-28T20:00+02:00,141.23
2023-08-28T21:00+02:00,136.1
2023-08-28T22:00+02:00,123.11
2023-08-28T23:00+02:00,103.83
2023-08-29T00:00+02:00,107.17
2023-08-29T01:00+02:00,102.54
2023-08-29T02:00+02:00,101.46
2023-08-29T03:00+02:00,99.99
2023-08-29T04:00+02:00,100.64
2023-08-29T05:00+02:00,105.83
2023-08-29T06:00+02:00,122.01
2023-08-29T07:00+02:00,132.85
2023-08-29T08:00+02:00,142.98
2023-08-29T09:00+02:00,135.75
2023-08-29T10:00+02:00,126.85
2023-08-29T11:00+02:00,124.21
2023-08-29T12:00+02:00,114.25
2023-08-29T13:00+02:00,108.83
2023-08-29T14:00+02:00,108.11
2023-08-29T15:00+02:00,117.14
2023-08-29T16:00+02:00,126.25
2023-08-29T17:00+02:00,144.29
2023-08-29T18:00+02:00,129.97
2023-08-29T19:00+02:00,142.92
2023-08-29T20:00+02:00,148.05
2023-08-29T21:00+02:00,140.05
2023-08-29T22:00+02:00,126.76
2023-08-29T23:00+02:00,109.97
2023-08-30T00:00+02:00,98.53
2023-08-30T01:00+02:00,94.05
2023-08-30T02:00+02:00,90.78
2023-08-30T03:00+02:00,90.34
2023-08-30T04:00+02:00,89.7
2023-08-30T05:00+02:00,96.2
2023-08-30T06:00+02:00,116.49
2023-08-30T07:00+02:00,124.35
2023-08-30T08:00+02:00,132.46
2023-08-30T09:00+02:00,117.2
2023-08-30T10:00+02:00,105.05
2023-08-30T11:00+02:00,98.58
2023-08-30T12:00+02:00,93.94
2023-08-30T13:00+02:00,88.09
2023-08-30T14:00+02:00,87.67
2023-08-30T15:00+02:00,90
2023-08-30T16:00+02:00,97.15
2023-08-30T17:00+02:00,111.18
2023-08-30T18:00+02:00,117.74
2023-08-30T19:00+02:00,131.08
2023-08-30T20:00+02:00,139.68
2023-08-30T21:00+02:00,123.02
2023-08-30T22:00+02:00,112.17
2023-08-30T23:00+02:00,100.83
2023-08-31T00:00+02:00,94.71
2023-08-31T01:00+02:00,93.2
2023-08-31T02:00+02:00,92.22
2023-08-31T03:00+02:00,91.31
2023-08-31T04:00+02:00,91.43
2023-08-31T05:00+02:00,93
2023-08-31T06:00+02:00,105.24
2023-08-31T07:00+02:00,117.04
2023-08-31T08:00+02:00,117.83
2023-08-31T09:00+02:00,106.67
2023-08-31T10:00+02:00,99.08
2023-08-31T11:00+02:00,94.96
2023-08-31T12:00+02:00,94
2023-08-31T13:00+02:00,90.99
2023-08-31T14:00+02:00,89.53
2023-08-31T15:00+02:00,92.84
2023-08-31T16:00+02:00,93.37
2023-08-31T17:00+02:00,101.72
2023-08-31T18:00+02:00,111.51
2023-08-31T19:00+02:00,125.21
2023-08-31T20:00+02:00,126.92
2023-08-31T21:00+02:00,117.24
2023-08-31T22:00+02:00,106.33
2023-08-31T23:00+02:00,97.9